word,term_id
kombucha,0
zabaion,1
read,2
angelo,3
tunnel,4
newer,5
bologna,6
theme,7
girl,8
finocchiaro,9
lo,10
focacceria,11
signatur,12
giardinetto,13
typic,14
amus,15
potato,16
attract,17
grassi,18
rita,19
museo,20
triumph,21
rule,22
rospigliosi,23
trasimeno,24
sanità,25
rocket,26
quantiti,27
catinaccio,28
sculptor,29
fassona,30
sheep,31
bollita,32
signorini,33
arva,34
fior,35
vine,36
raspberri,37
da,38
vespasia,39
ferran,40
waltz,41
amidst,42
relev,43
london,44
ceraudo,45
vesuviu,46
valtellino,47
sever,48
clientel,49
mirko,50
suspend,51
helm,52
doubt,53
offshoot,54
forerunn,55
viviana,56
forbu,57
taratatà,58
hostelri,59
isabella,60
french,61
manti,62
cicetta,63
outstand,64
signum,65
chemic,66
chiaracia,67
vernaccia,68
hardli,69
rare,70
rank,71
soul,72
macello,73
ruffl,74
arco,75
paulo,76
request,77
angelina,78
boil,79
mattei,80
régi,81
funicular,82
fact,83
marbl,84
pecorino,85
reduct,86
pivot,87
passeggiata,88
manuel,89
crouton,90
tonic,91
fabbro,92
succe,93
botan,94
sensazioni,95
vet,96
intellig,97
label,98
aeolian,99
rebirth,100
hour,101
boeri,102
sorbet,103
simpl,104
dolomieu,105
trattoria,106
merlot,107
bottl,108
sylvan,109
filippino,110
andora,111
sky,112
trovato,113
soil,114
partial,115
morn,116
junction,117
gift,118
eleg,119
bulk,120
mari,121
crunchi,122
interact,123
aloi,124
famousgallegaandwagyu,125
franca,126
lambrusco,127
spatula,128
dinato,129
honour,130
limeston,131
flavia,132
tino,133
ferreri,134
gualtieri,135
paella,136
octopu,137
predomin,138
birth,139
petru,140
infus,141
sirmiano,142
corfu,143
specif,144
montreal,145
snow,146
mahogani,147
panoram,148
bake,149
larossa,150
puglian,151
comfort,152
chandeli,153
genoves,154
vita,155
bouillabaiss,156
mile,157
inmat,158
sixti,159
heinrich,160
rend,161
feltrinelli,162
nina,163
tile,164
expon,165
chines,166
starter,167
zarri,168
amo,169
si,170
greec,171
mattiacci,172
peke,173
latter,174
belveder,175
magistà,176
antechamb,177
cantucci,178
croton,179
recent,180
masanti,181
path,182
papavero,183
music,184
vilòn,185
isid,186
langosteria,187
husband,188
valentia,189
juic,190
loaf,191
massucco,192
asbacari,193
modesti,194
soya,195
milanesi,196
precis,197
vesta,198
pete,199
artusi,200
sign,201
girella,202
andré,203
ernesto,204
farra,205
uphold,206
banner,207
brunello,208
marini,209
tortelli,210
marra,211
albeit,212
sho,213
tavern,214
aragones,215
settepiatti,216
courtesi,217
biscuit,218
martina,219
meati,220
much,221
focus,222
tropea,223
fulfil,224
get,225
panna,226
andrea,227
agavi,228
passignano,229
mazzorbo,230
note,231
biancu,232
directli,233
seral,234
pinerolo,235
send,236
pavan,237
bernes,238
itali,239
alongsid,240
slide,241
riccardo,242
instantli,243
firm,244
link,245
coniglio,246
fasano,247
lead,248
whitewash,249
stori,250
bastion,251
ostiens,252
unexpectedli,253
thegrand,254
grandmoth,255
sella,256
technolog,257
stüa,258
splendid,259
tire,260
tour,261
leopard,262
maccheroncini,263
thread,264
santuario,265
danc,266
farewel,267
lord,268
shorelin,269
mao,270
luppi,271
laticauda,272
adig,273
wallpap,274
verdi,275
capitano,276
coconut,277
keep,278
pont,279
grappa,280
montebor,281
robuchon,282
zito,283
paraggi,284
evidenc,285
rye,286
reggia,287
inde,288
pontoon,289
polystyren,290
simplic,291
gualdo,292
banfi,293
meringu,294
majolica,295
triest,296
kerm,297
cappuccino,298
all,299
così,300
depot,301
alpago,302
asou,303
skier,304
toni,305
wooden,306
ztl,307
guidi,308
mediterranean,309
senal,310
frill,311
profil,312
carta,313
synagogu,314
accomplish,315
langoustin,316
gaetano,317
turnip,318
edoardo,319
donei,320
last,321
remark,322
orlando,323
gilmozzi,324
baretto,325
nation,326
hazel,327
cereal,328
chitterl,329
gate,330
trade,331
varena,332
arso,333
falco,334
galleri,335
paragon,336
umbria,337
problem,338
wafer,339
intens,340
imagna,341
pensando,342
bergeretto,343
southernmost,344
renownedsbrisolonacak,345
protect,346
repertoir,347
walnut,348
battisti,349
metronom,350
eat,351
extend,352
cervo,353
fonduta,354
situat,355
filindeu,356
cuor,357
dv,358
thebaccalà,359
scuncilli,360
piano,361
cristo,362
mura,363
bartolini,364
bottura,365
includingsorbir,366
karim,367
pezzuto,368
montani,369
tarquinia,370
snail,371
yoghurt,372
chocol,373
nut,374
annurca,375
vibe,376
dalla,377
cestello,378
cala,379
benjamin,380
doorway,381
season,382
princip,383
torri,384
geiser,385
fidati,386
summertim,387
sixth,388
rock,389
stool,390
payabl,391
fortifi,392
radiu,393
vares,394
baccala,395
cicchetti,396
ramata,397
brill,398
tumbl,399
calabria,400
ten,401
wide,402
crab,403
demand,404
donna,405
som,406
remulass,407
terra,408
fernando,409
pietro,410
porceddu,411
post,412
lucca,413
ealai,414
reassur,415
dipino,416
adami,417
faith,418
minimis,419
windsor,420
saffron,421
marzipan,422
gulf,423
coastlin,424
suckl,425
granari,426
henc,427
poet,428
consolata,429
curat,430
costarella,431
abli,432
paradis,433
ritorno,434
byzantin,435
western,436
lazarov,437
blaze,438
lugano,439
reclam,440
sweetbread,441
vin,442
curios,443
papà,444
inedita,445
più,446
challeng,447
spit,448
withsolinawheat,449
po,450
edg,451
calm,452
ciociara,453
tricesimo,454
person,455
psych,456
took,457
gastrosteria,458
display,459
porticciolo,460
mongiat,461
phrase,462
ever,463
speak,464
clad,465
stelio,466
mario,467
fiorella,468
montecristo,469
cod,470
mazara,471
nive,472
dal,473
termeno,474
delta,475
rialto,476
mural,477
skil,478
giacomo,479
began,480
ivana,481
allus,482
neither,483
anna,484
guggenheim,485
stress,486
mazzoleni,487
workmanship,488
motta,489
seem,490
ticket,491
valley,492
eatali,493
jerusalem,494
upper,495
sensibl,496
sold,497
nel,498
arrang,499
pork,500
augusto,501
skate,502
chicori,503
silva,504
futurist,505
mamma,506
moat,507
calistri,508
casoncelli,509
genoes,510
cuneo,511
ambienc,512
perata,513
nutrit,514
dumpl,515
mirin,516
canal,517
bike,518
shuttl,519
viu,520
intramontabili,521
mauricio,522
peopl,523
degan,524
tripe,525
hundr,526
compon,527
luserna,528
gel,529
pennisi,530
enough,531
firma,532
guestroom,533
plu,534
pool,535
devot,536
blackberri,537
gnudi,538
maiella,539
dogfish,540
langella,541
valid,542
trent,543
pontinia,544
bought,545
cart,546
cantafio,547
teles,548
homemad,549
brugiano,550
aic,551
region,552
starck,553
bosco,554
wine,555
senator,556
becom,557
creativetapasinfluenc,558
seventh,559
stuf,560
militari,561
chargril,562
savor,563
strait,564
acquolina,565
unlimit,566
sticker,567
ascani,568
è,569
aromat,570
codol,571
tommaso,572
waffl,573
calandrino,574
cerreto,575
simpler,576
high,577
profus,578
met,579
intertwin,580
spici,581
purest,582
liquida,583
compet,584
palermino,585
strachitunt,586
bento,587
breathtak,588
tano,589
piec,590
vista,591
gone,592
organ,593
realli,594
via,595
orobica,596
cannaregio,597
grifon,598
acquapetra,599
camaldoli,600
frosio,601
lake,602
cagliaritana,603
sarca,604
eleonora,605
lab,606
press,607
bottom,608
guesthous,609
lowland,610
laghetto,611
memorabilia,612
therefor,613
merli,614
accursio,615
authorit,616
saletta,617
heard,618
marches,619
sangioves,620
outlet,621
hut,622
aubergin,623
alik,624
salama,625
orvieto,626
egon,627
rotat,628
petit,629
lard,630
opra,631
canederli,632
capricciosa,633
bear,634
federico,635
chip,636
utmost,637
medici,638
march,639
octob,640
aria,641
caramelis,642
romana,643
consorzio,644
schlutzkrapfen,645
avail,646
mollica,647
broader,648
got,649
increas,650
town,651
steal,652
sulmona,653
excess,654
incompar,655
maltagliati,656
field,657
swap,658
vergin,659
casamicciola,660
aqua,661
artisan,662
flere,663
toceno,664
lucchesi,665
mellino,666
fussi,667
rise,668
leopoldo,669
poggio,670
suit,671
elabor,672
plum,673
brezza,674
pesto,675
maniago,676
underlin,677
petriolo,678
tuscani,679
umeboshi,680
culinari,681
explor,682
draw,683
dove,684
tortellini,685
lungarno,686
deer,687
refectori,688
skill,689
lift,690
caribbean,691
pancak,692
agricultur,693
luciano,694
nervi,695
favour,696
trotter,697
shone,698
lemon,699
raia,700
relief,701
vignola,702
porta,703
minimi,704
satisfi,705
gain,706
carpentri,707
prosper,708
curri,709
fresh,710
punt,711
quarto,712
pinchiorri,713
grower,714
boè,715
poder,716
rampant,717
restaur,718
parmigiana,719
agnes,720
libero,721
marsh,722
morelli,723
gli,724
quieter,725
tonnè,726
lanza,727
mostarda,728
revolutionis,729
wieser,730
told,731
nobuya,732
bolliti,733
gasthau,734
boredom,735
bagno,736
exuber,737
januariu,738
mapl,739
free,740
piatto,741
breadstick,742
artichok,743
convinc,744
mecca,745
laurin,746
betancourt,747
shitak,748
cerrato,749
unsurprisingli,750
pheasant,751
marianna,752
stall,753
complet,754
faveri,755
slop,756
custard,757
idylio,758
vari,759
addit,760
angiolieri,761
celeri,762
campiello,763
visibilio,764
hewn,765
namelaka,766
particip,767
pattern,768
perus,769
war,770
belov,771
bob,772
justli,773
panel,774
annunzio,775
augustu,776
icon,777
persuad,778
refug,779
marrocco,780
rò,781
dose,782
lele,783
cicognolo,784
sapid,785
pisarei,786
à,787
aquarium,788
lost,789
scarallo,790
pharmaci,791
subdivid,792
land,793
crystal,794
gastronomi,795
devoto,796
takeshi,797
bertoli,798
impli,799
pelizzari,800
bottagisio,801
pievasciata,802
filippi,803
bite,804
proceed,805
voce,806
ripetta,807
local,808
special,809
colleagu,810
vodka,811
palermo,812
rosina,813
fiordaliso,814
near,815
chairman,816
suppli,817
car,818
banish,819
colosseum,820
convey,821
pub,822
fragsburg,823
cell,824
portofino,825
guancial,826
marcelli,827
slight,828
main,829
officina,830
trail,831
snowcat,832
impass,833
betray,834
farm,835
huge,836
strict,837
fold,838
brodetto,839
carrozza,840
withpiadineflatbread,841
castel,842
riva,843
broast,844
chicken,845
sunday,846
laundri,847
battipaglia,848
ribey,849
speranzina,850
grasparossa,851
radicchio,852
trinità,853
università,854
shave,855
vero,856
ancient,857
veranda,858
duca,859
brixen,860
baia,861
nuov,862
fino,863
tablet,864
rivoli,865
gravi,866
ochr,867
spaccanapoli,868
omelett,869
regard,870
adriano,871
momento,872
iacopo,873
excel,874
rather,875
capodifium,876
spider,877
pompanin,878
decorazioni,879
mescafrancesca,880
art,881
pepper,882
tomei,883
seemingli,884
calabrian,885
esordi,886
tre,887
breed,888
fischetti,889
chiesa,890
skylin,891
mandarin,892
spite,893
gerli,894
sard,895
pescara,896
slice,897
descript,898
compris,899
caper,900
joyou,901
selva,902
chri,903
fridg,904
suzuki,905
coach,906
bolsena,907
cash,908
tantalis,909
tart,910
overcom,911
louis,912
ravenna,913
athlet,914
unmiss,915
present,916
lifestyl,917
red,918
pappai,919
mosaic,920
consortium,921
casa,922
aquila,923
compens,924
cap,925
hous,926
avocado,927
americano,928
capri,929
enter,930
contrast,931
bristol,932
campania,933
tang,934
florenc,935
surviv,936
decad,937
savour,938
fast,939
rememb,940
samuel,941
tofan,942
chatgpt,943
luri,944
brother,945
fundament,946
baracchi,947
minestra,948
intesa,949
costum,950
woodland,951
peppino,952
abat,953
meschio,954
fool,955
salento,956
borromeo,957
ensur,958
grano,959
bruxaboschi,960
oseleta,961
strong,962
thank,963
encount,964
hope,965
girasoli,966
candel,967
copper,968
crackl,969
livestock,970
wait,971
càuda,972
motiv,973
term,974
violetta,975
undoubtedli,976
matscher,977
other,978
hosteria,979
sanremo,980
whip,981
michelino,982
canada,983
scala,984
sakai,985
christoph,986
bettelmatt,987
shelv,988
santamonica,989
monachil,990
rest,991
parlour,992
ship,993
meet,994
sitzigorru,995
idea,996
pietropaoli,997
acquedotto,998
sondrio,999
length,1000
particularli,1001
compromis,1002
quirinal,1003
teal,1004
gondola,1005
alleyway,1006
nerina,1007
class,1008
flour,1009
amphitheatr,1010
stucco,1011
secret,1012
abil,1013
north,1014
trabalzini,1015
europ,1016
giustino,1017
etra,1018
pino,1019
plane,1020
rino,1021
adriat,1022
biuso,1023
dome,1024
pucia,1025
tortellant,1026
allevato,1027
refurbish,1028
caterina,1029
vale,1030
eschew,1031
piazzetta,1032
bendato,1033
cattaneo,1034
strozzi,1035
alga,1036
cervinia,1037
tireless,1038
flock,1039
wholeheartedli,1040
mezzanin,1041
pepenero,1042
trucco,1043
nitto,1044
ostuni,1045
salviati,1046
tune,1047
rebuilt,1048
prodigi,1049
eruzion,1050
hassler,1051
potent,1052
umberto,1053
trademark,1054
giovanna,1055
elich,1056
discoveri,1057
cippi,1058
friend,1059
cordevigo,1060
quintessenti,1061
asina,1062
jasmin,1063
banco,1064
manicon,1065
alemb,1066
riso,1067
relationship,1068
florentin,1069
instead,1070
mattia,1071
kalò,1072
gerani,1073
onto,1074
newest,1075
smaller,1076
scapec,1077
coccia,1078
signific,1079
andgelato,1080
ignor,1081
male,1082
iorio,1083
aost,1084
aalto,1085
consid,1086
daria,1087
fano,1088
nardini,1089
gourmethotel,1090
weav,1091
nolinski,1092
giglio,1093
includesard,1094
toast,1095
pimpernel,1096
delic,1097
seabream,1098
patio,1099
mia,1100
ortica,1101
bistrò,1102
abbey,1103
awarm,1104
nin,1105
monasteri,1106
scabin,1107
diet,1108
prototyp,1109
beach,1110
phi,1111
tarallo,1112
reduc,1113
carmagnola,1114
sour,1115
deconsecr,1116
pra,1117
condiment,1118
expert,1119
linguin,1120
amalfi,1121
soak,1122
arancina,1123
geröstl,1124
polo,1125
liner,1126
carlotta,1127
marsala,1128
cetona,1129
hairpin,1130
berico,1131
marzano,1132
rice,1133
meanwhil,1134
bardini,1135
flaminio,1136
trip,1137
experienc,1138
without,1139
spruce,1140
pinewood,1141
grow,1142
midday,1143
monosilio,1144
barbato,1145
barchessa,1146
cordero,1147
stabl,1148
stracotto,1149
padano,1150
eclect,1151
antipasti,1152
couscou,1153
pell,1154
lippi,1155
acoust,1156
shank,1157
vermentino,1158
preziosa,1159
rosa,1160
join,1161
royal,1162
wander,1163
grace,1164
seed,1165
cimbron,1166
earn,1167
jelli,1168
coastal,1169
togeth,1170
arlecchino,1171
bone,1172
thecasolètchees,1173
agro,1174
cliché,1175
pine,1176
tooth,1177
benefit,1178
part,1179
dine,1180
hand,1181
toku,1182
burgundi,1183
trentino,1184
roam,1185
rieti,1186
memoria,1187
technic,1188
buffet,1189
rosemari,1190
excit,1191
remo,1192
esposito,1193
breccia,1194
cracker,1195
gaudenzio,1196
glad,1197
szechuan,1198
grasso,1199
meadow,1200
bubbl,1201
venaria,1202
talent,1203
recognis,1204
bagni,1205
iva,1206
scratch,1207
pock,1208
cognac,1209
lankan,1210
bc,1211
innov,1212
costantini,1213
pandolfo,1214
flute,1215
tip,1216
pipe,1217
roe,1218
ju,1219
hyatt,1220
cairo,1221
equinozio,1222
laid,1223
major,1224
photographi,1225
mandura,1226
venezuela,1227
sciò,1228
cloister,1229
fenoglio,1230
gold,1231
couli,1232
ciaffagnon,1233
brisket,1234
preced,1235
unstuffi,1236
superb,1237
horseradish,1238
maremma,1239
coron,1240
spinechil,1241
zillo,1242
sourc,1243
ski,1244
bolognina,1245
outskirt,1246
warehous,1247
cilenti,1248
confini,1249
cuomo,1250
pompeo,1251
taggiasca,1252
volcano,1253
sadler,1254
lionetti,1255
excellentcima,1256
italian,1257
equa,1258
celeriac,1259
suggestioni,1260
barbara,1261
lina,1262
caruso,1263
parmesan,1264
metro,1265
malcesin,1266
giardino,1267
pescatori,1268
lanzagallo,1269
iacobucci,1270
keyston,1271
sassari,1272
baron,1273
conero,1274
array,1275
sparkl,1276
discov,1277
separ,1278
lunch,1279
kidney,1280
parsley,1281
rispo,1282
letterina,1283
shore,1284
passi,1285
tomahawk,1286
regular,1287
canapino,1288
schingaro,1289
borgobrufa,1290
dori,1291
patat,1292
feltrin,1293
imperi,1294
gimignano,1295
galtarossa,1296
previous,1297
tristan,1298
four,1299
gramigna,1300
mustard,1301
subject,1302
giacinto,1303
kuroda,1304
accept,1305
fazio,1306
less,1307
delmont,1308
gianicolo,1309
dialect,1310
tenn,1311
standard,1312
volum,1313
vegetali,1314
culatello,1315
marc,1316
scoprir,1317
banal,1318
fill,1319
grenier,1320
emblem,1321
bolzano,1322
zannon,1323
degli,1324
fourth,1325
isarco,1326
svetoni,1327
branca,1328
réva,1329
rana,1330
pepe,1331
antonino,1332
rossi,1333
santo,1334
doronzo,1335
pike,1336
stile,1337
necessarili,1338
minim,1339
casentino,1340
inexhaust,1341
prevail,1342
perno,1343
aversa,1344
attimi,1345
aurora,1346
pale,1347
bore,1348
asfri,1349
taster,1350
place,1351
fontanafredda,1352
rump,1353
greek,1354
typifi,1355
blackneroi,1356
brighten,1357
cerami,1358
mio,1359
pet,1360
sant,1361
sannio,1362
map,1363
mantra,1364
ride,1365
sparingli,1366
orta,1367
collina,1368
belli,1369
clever,1370
olmo,1371
pasta,1372
martini,1373
verg,1374
frame,1375
materi,1376
lezzereni,1377
theatric,1378
gragnano,1379
imag,1380
belgian,1381
viareggio,1382
timbal,1383
vicina,1384
sweep,1385
bonfadini,1386
york,1387
gluten,1388
harri,1389
cacer,1390
crumbl,1391
temporari,1392
formal,1393
achiev,1394
somewher,1395
magnum,1396
spotlight,1397
zecchin,1398
laigueglia,1399
glowig,1400
sforzesco,1401
bridg,1402
known,1403
teatro,1404
ps,1405
nuzzo,1406
succumb,1407
oven,1408
playground,1409
urquiola,1410
marina,1411
vulcano,1412
bellaria,1413
sandra,1414
dongiò,1415
cartellata,1416
regularli,1417
candl,1418
maschio,1419
biagiola,1420
bearer,1421
hummu,1422
essenziali,1423
match,1424
abruzzo,1425
waiter,1426
trabetti,1427
hors,1428
laura,1429
abbondanzi,1430
color,1431
positano,1432
non,1433
noth,1434
maze,1435
broaden,1436
chieppa,1437
fig,1438
eleph,1439
castrozza,1440
strang,1441
liquoric,1442
histaralliand,1443
der,1444
subtli,1445
deliv,1446
confus,1447
overseen,1448
pomegran,1449
exist,1450
gulfi,1451
conca,1452
dobbiaco,1453
januari,1454
similar,1455
serena,1456
statu,1457
rocco,1458
café,1459
lomellina,1460
agnelli,1461
pascucci,1462
grandson,1463
roero,1464
garlic,1465
difficult,1466
longer,1467
brandacujun,1468
certain,1469
nod,1470
cathedr,1471
ottog,1472
prove,1473
una,1474
perez,1475
elisa,1476
canapé,1477
gilberto,1478
academyaim,1479
comput,1480
posit,1481
gianduia,1482
alessandrina,1483
schüttelbrot,1484
beauti,1485
ostentati,1486
sensit,1487
garbanzo,1488
spring,1489
cauliflow,1490
choic,1491
porcini,1492
airaudo,1493
moment,1494
millefogli,1495
prato,1496
respit,1497
permeat,1498
fattori,1499
lentil,1500
entitl,1501
park,1502
buzara,1503
vico,1504
offida,1505
exact,1506
back,1507
wear,1508
fantasi,1509
bargellini,1510
croce,1511
metalwork,1512
oleand,1513
roberta,1514
cimini,1515
vallicella,1516
burri,1517
oglio,1518
amberjack,1519
muro,1520
abruzzi,1521
silvio,1522
farmhous,1523
essenti,1524
bu,1525
spong,1526
competit,1527
bodi,1528
moreno,1529
procedur,1530
ramen,1531
clement,1532
twenti,1533
controversi,1534
rout,1535
drawer,1536
santoro,1537
verit,1538
cultur,1539
sliver,1540
qcina,1541
picnic,1542
fossombron,1543
sauté,1544
parquet,1545
charmingli,1546
brunel,1547
willing,1548
emuls,1549
sorbir,1550
inevit,1551
design,1552
scopiccio,1553
unmistak,1554
wend,1555
discreet,1556
josta,1557
tender,1558
villani,1559
fausto,1560
hustl,1561
account,1562
gragnono,1563
brainchild,1564
ugo,1565
kilometr,1566
criteria,1567
cabbag,1568
carignano,1569
romant,1570
forget,1571
underpin,1572
iannotti,1573
antica,1574
reloc,1575
locomot,1576
ronchi,1577
gallipoli,1578
vill,1579
nora,1580
leandro,1581
cantù,1582
liqueur,1583
linguaglossa,1584
claudia,1585
busier,1586
piero,1587
tray,1588
terri,1589
escarol,1590
compani,1591
muscat,1592
conclus,1593
teano,1594
fish,1595
repres,1596
quiet,1597
requir,1598
bress,1599
giusepp,1600
undergon,1601
hibiscu,1602
matilda,1603
aviano,1604
olbia,1605
giovanni,1606
romito,1607
scottona,1608
cipriani,1609
voyag,1610
filippetto,1611
stephan,1612
transport,1613
bay,1614
bufala,1615
freeli,1616
maximum,1617
desenzano,1618
sitea,1619
polignano,1620
renov,1621
discipl,1622
nazioni,1623
nouveau,1624
plateau,1625
steep,1626
michel,1627
natur,1628
jar,1629
rose,1630
ricchebono,1631
lot,1632
vermouth,1633
busiest,1634
marchesi,1635
fontanina,1636
wealth,1637
pïacenza,1638
mood,1639
erminio,1640
heroic,1641
ero,1642
peninsula,1643
sumptuou,1644
fisichella,1645
shortag,1646
valazza,1647
leg,1648
equip,1649
seriou,1650
zur,1651
peac,1652
austria,1653
bro,1654
nicola,1655
mould,1656
mogano,1657
valdarno,1658
venison,1659
alto,1660
gnocchi,1661
testaccio,1662
inner,1663
culurgion,1664
fortun,1665
meticul,1666
ristourànt,1667
say,1668
mazzafegato,1669
arch,1670
mentor,1671
founder,1672
find,1673
hop,1674
plastic,1675
sudden,1676
base,1677
shrub,1678
narducci,1679
respons,1680
rick,1681
heiss,1682
morel,1683
chalet,1684
urban,1685
shrine,1686
maranello,1687
provenc,1688
fat,1689
someth,1690
sicignano,1691
cantinon,1692
punta,1693
reggiana,1694
scialatielli,1695
fiamma,1696
prettiest,1697
sizzl,1698
regal,1699
document,1700
bitto,1701
scrubland,1702
orchestra,1703
onyx,1704
perticara,1705
carri,1706
commiss,1707
frammenti,1708
aesthet,1709
nazzarena,1710
paint,1711
deserv,1712
junip,1713
trout,1714
give,1715
rolli,1716
vegan,1717
lillybet,1718
inspector,1719
pisciotta,1720
bordighera,1721
tenerina,1722
anoth,1723
ginetta,1724
trafoier,1725
conceiv,1726
promontori,1727
cirò,1728
guest,1729
enchant,1730
laghi,1731
sensori,1732
distinct,1733
kuppelrain,1734
boar,1735
learn,1736
replac,1737
salicornia,1738
nowher,1739
dock,1740
vitello,1741
stanc,1742
late,1743
heed,1744
saba,1745
lengthway,1746
gioconda,1747
palm,1748
zaki,1749
montefusco,1750
cassoeula,1751
memori,1752
pastissada,1753
ideal,1754
host,1755
molis,1756
oltr,1757
stem,1758
tild,1759
tranquil,1760
candlelight,1761
help,1762
sapio,1763
abbrevi,1764
distract,1765
casamadr,1766
yeast,1767
contribut,1768
nutriti,1769
seggiano,1770
warmth,1771
superbl,1772
beck,1773
buckwheat,1774
predict,1775
size,1776
combo,1777
drawback,1778
steve,1779
nduja,1780
torsiello,1781
ground,1782
wisteria,1783
marmalad,1784
brescia,1785
advertis,1786
week,1787
bedroom,1788
green,1789
chalk,1790
zelo,1791
liveli,1792
squar,1793
sardinia,1794
dice,1795
record,1796
haller,1797
guà,1798
royalhotel,1799
test,1800
closer,1801
cheaper,1802
naxo,1803
sassolungo,1804
andbonetprovid,1805
stew,1806
fragrant,1807
cotta,1808
fassa,1809
welcom,1810
mancini,1811
sirenus,1812
appropri,1813
aid,1814
bianconi,1815
fond,1816
theorsoburg,1817
annamaria,1818
croccantezza,1819
mareand,1820
colder,1821
ulmo,1822
sarri,1823
tutto,1824
roll,1825
oregano,1826
max,1827
lago,1828
burratina,1829
società,1830
marmot,1831
murges,1832
bishop,1833
ventr,1834
casual,1835
weekend,1836
bagheria,1837
maicol,1838
neglect,1839
estat,1840
cavales,1841
bue,1842
tone,1843
liguria,1844
broke,1845
folli,1846
dimora,1847
casserol,1848
parma,1849
tondo,1850
beneath,1851
gaze,1852
marrow,1853
romagnol,1854
rispoli,1855
rosita,1856
visual,1857
faenza,1858
sit,1859
frico,1860
river,1861
certifi,1862
wrought,1863
grocer,1864
joint,1865
glamor,1866
bianca,1867
chequer,1868
affinita,1869
globe,1870
led,1871
murg,1872
entrecot,1873
wrong,1874
cook,1875
ciccio,1876
unesco,1877
leopardi,1878
pupil,1879
pirro,1880
dallamano,1881
hallmark,1882
inform,1883
giorgio,1884
ghedini,1885
wonder,1886
daughter,1887
kid,1888
summer,1889
crespi,1890
millston,1891
abbruzzino,1892
secondli,1893
loin,1894
arno,1895
placemat,1896
elid,1897
osteria,1898
marelli,1899
gin,1900
candia,1901
eateri,1902
cube,1903
benedetto,1904
traffic,1905
coffer,1906
kistè,1907
brunner,1908
mä,1909
paper,1910
blanch,1911
flavor,1912
make,1913
bacaro,1914
beam,1915
gatto,1916
pompei,1917
leoni,1918
shown,1919
amatriciana,1920
sinuou,1921
sculli,1922
flank,1923
nonno,1924
approxim,1925
chapter,1926
resin,1927
hear,1928
gurnard,1929
frequent,1930
besana,1931
hue,1932
vite,1933
tuttoilresto,1934
obstacl,1935
name,1936
stalk,1937
brandini,1938
agre,1939
barrel,1940
speed,1941
bandi,1942
hark,1943
montefollonico,1944
rariti,1945
bucchero,1946
classici,1947
stringi,1948
conveni,1949
flaw,1950
undisput,1951
pavement,1952
baldassarr,1953
wagyu,1954
silent,1955
origini,1956
forti,1957
stage,1958
caviar,1959
american,1960
cipolla,1961
cheer,1962
larch,1963
annarita,1964
grill,1965
lombardian,1966
kong,1967
candiano,1968
rovereto,1969
senigallia,1970
maintain,1971
rizzo,1972
vinei,1973
tartar,1974
femal,1975
cheesecak,1976
ligurian,1977
antiqu,1978
aperitif,1979
belé,1980
sappada,1981
salsa,1982
juliet,1983
piccini,1984
mascarpon,1985
vistamar,1986
scorzon,1987
easi,1988
slovenian,1989
mill,1990
jackson,1991
calamaro,1992
pierantonio,1993
rapa,1994
adject,1995
singer,1996
dream,1997
cernobbio,1998
overli,1999
tandoori,2000
provocazioni,2001
centr,2002
loos,2003
suvereto,2004
nordic,2005
carpet,2006
corridor,2007
posillipo,2008
tragara,2009
astut,2010
indic,2011
eben,2012
che,2013
vicenza,2014
residenti,2015
fare,2016
intensifi,2017
poor,2018
seven,2019
afternoon,2020
quintilio,2021
fortress,2022
pallanza,2023
petra,2024
campi,2025
prophet,2026
thesopa,2027
properti,2028
spin,2029
number,2030
scheme,2031
liberti,2032
boschi,2033
staircas,2034
roughli,2035
squid,2036
commit,2037
mother,2038
breton,2039
bid,2040
pay,2041
bacon,2042
orob,2043
feuerstein,2044
cow,2045
alessandro,2046
gianni,2047
domenico,2048
provid,2049
teramo,2050
upon,2051
consist,2052
aimo,2053
gallar,2054
granda,2055
machin,2056
silkworm,2057
sri,2058
caldura,2059
gentli,2060
zhejiang,2061
anagram,2062
prezioso,2063
salvator,2064
mainli,2065
reimund,2066
seminari,2067
check,2068
sei,2069
teresa,2070
slightli,2071
flavour,2072
japanes,2073
palomba,2074
fezzardi,2075
giudia,2076
star,2077
repubblica,2078
refriger,2079
although,2080
coton,2081
glorenza,2082
feat,2083
farmer,2084
california,2085
produc,2086
sand,2087
antonella,2088
lopez,2089
taggiasch,2090
essenzial,2091
big,2092
valsugana,2093
benso,2094
arcinazzo,2095
trendier,2096
tell,2097
siracusa,2098
unrival,2099
agerola,2100
rein,2101
quadrilater,2102
degre,2103
africa,2104
sformatino,2105
itscipolla,2106
cortina,2107
breadcrumb,2108
dedic,2109
cattivelli,2110
leaf,2111
dirt,2112
filia,2113
totano,2114
care,2115
fortunato,2116
overflow,2117
camomil,2118
know,2119
desiderio,2120
hint,2121
england,2122
center,2123
caravella,2124
younger,2125
sprinkl,2126
leather,2127
montagna,2128
kursaal,2129
galli,2130
italia,2131
carpaccio,2132
experiment,2133
scarello,2134
definit,2135
foam,2136
former,2137
rug,2138
milk,2139
parkhotel,2140
fondu,2141
permit,2142
gratin,2143
migrant,2144
distanc,2145
adher,2146
biafora,2147
klaud,2148
misurina,2149
burrida,2150
elderflow,2151
vinegar,2152
carmelo,2153
serendib,2154
pinzolo,2155
orchestr,2156
nondescript,2157
montefeltro,2158
baldo,2159
chi,2160
dynam,2161
yuzu,2162
opposit,2163
event,2164
fair,2165
charcuteri,2166
born,2167
lower,2168
carpacci,2169
spent,2170
tret,2171
amount,2172
bravaccini,2173
guis,2174
pea,2175
partli,2176
teraman,2177
lakesid,2178
exterior,2179
applaud,2180
coquu,2181
rovetta,2182
gestur,2183
noodl,2184
gioia,2185
monfort,2186
hashbe,2187
unconvent,2188
me,2189
half,2190
savarin,2191
spelt,2192
musciora,2193
piazza,2194
furnish,2195
col,2196
ti,2197
nettl,2198
still,2199
umbrian,2200
stube,2201
brindo,2202
pickl,2203
sauerkraut,2204
outdoor,2205
monkfish,2206
monteriggioni,2207
predominantli,2208
tournedo,2209
carricant,2210
plan,2211
ahead,2212
peruvian,2213
puré,2214
turmer,2215
viterbo,2216
bella,2217
hadrian,2218
bottoni,2219
ottagono,2220
border,2221
caraf,2222
neck,2223
flan,2224
cacao,2225
child,2226
garibaldi,2227
pull,2228
vomero,2229
quattro,2230
asparagu,2231
sogno,2232
ident,2233
cucolo,2234
luigi,2235
forc,2236
portico,2237
catucci,2238
novemb,2239
short,2240
duck,2241
least,2242
pisani,2243
scapecchi,2244
valva,2245
prosdocimi,2246
joyc,2247
ravioli,2248
shoulder,2249
elev,2250
bertelli,2251
motorway,2252
ficotto,2253
sottovoc,2254
pancetta,2255
file,2256
masashi,2257
chamber,2258
intoler,2259
meroi,2260
privaci,2261
feria,2262
avino,2263
pfanner,2264
erborinato,2265
nicoletta,2266
district,2267
panzanella,2268
expans,2269
supper,2270
soft,2271
south,2272
lidia,2273
livia,2274
monco,2275
tofana,2276
enoica,2277
fregula,2278
porch,2279
rapolano,2280
ossola,2281
crêuza,2282
adènzia,2283
pour,2284
siciliana,2285
majest,2286
rombo,2287
firmli,2288
enea,2289
east,2290
scandinavian,2291
self,2292
boutiqu,2293
aspic,2294
brodo,2295
trifl,2296
oscar,2297
succul,2298
lover,2299
musso,2300
bomba,2301
stelvio,2302
surpris,2303
caino,2304
menù,2305
gisela,2306
cuoco,2307
zippl,2308
lillaz,2309
bistro,2310
leemann,2311
larin,2312
catania,2313
amici,2314
marca,2315
surgic,2316
flight,2317
zass,2318
alla,2319
protagonist,2320
significantli,2321
heat,2322
piergiorgio,2323
frigoriferi,2324
excellentcostoletta,2325
seclud,2326
jewel,2327
fork,2328
tailor,2329
alzaia,2330
bistrot,2331
ripen,2332
project,2333
photograph,2334
ordinari,2335
good,2336
hoc,2337
villanova,2338
specialis,2339
spaghetton,2340
ugento,2341
bluh,2342
obvious,2343
top,2344
zaccardi,2345
geograph,2346
sodano,2347
strength,2348
declar,2349
fossa,2350
chickpea,2351
pleas,2352
artisti,2353
small,2354
decis,2355
cason,2356
parizzi,2357
onion,2358
romagnolo,2359
oblig,2360
sacco,2361
tortino,2362
tirtlan,2363
recanati,2364
tartlet,2365
fiumicino,2366
owner,2367
adapt,2368
contin,2369
morello,2370
yacht,2371
kelp,2372
ornat,2373
mandatori,2374
marmo,2375
risoni,2376
stigliano,2377
perch,2378
exactli,2379
howev,2380
campanella,2381
barley,2382
randazzo,2383
everyth,2384
slaughterhous,2385
piacenza,2386
pop,2387
pig,2388
warmli,2389
scardina,2390
mauro,2391
shorter,2392
hay,2393
underli,2394
forest,2395
sturgeon,2396
popolo,2397
agostini,2398
orientali,2399
dent,2400
nutmeg,2401
judg,2402
baglioni,2403
friendli,2404
nuova,2405
asiago,2406
long,2407
corbusi,2408
hurri,2409
glori,2410
klugmann,2411
chestnut,2412
ligur,2413
bygon,2414
negrini,2415
su,2416
spilimbergo,2417
piz,2418
polish,2419
import,2420
sibl,2421
mazzara,2422
intent,2423
plin,2424
rasa,2425
candlestick,2426
pastur,2427
guarino,2428
n,2429
servizio,2430
con,2431
cosmopolitan,2432
pile,2433
mallow,2434
jut,2435
giano,2436
santino,2437
improvis,2438
polda,2439
cycl,2440
varella,2441
mullet,2442
vedel,2443
pomodoro,2444
benaco,2445
rome,2446
pacchero,2447
testa,2448
footbal,2449
cavi,2450
entic,2451
giandujotto,2452
withciccioli,2453
sail,2454
campagna,2455
queen,2456
effort,2457
rivarola,2458
kitchen,2459
vagu,2460
reach,2461
martella,2462
cacciag,2463
instruct,2464
giannuzzi,2465
liter,2466
assisi,2467
curtaton,2468
provolon,2469
genoveffa,2470
expens,2471
lava,2472
crown,2473
peci,2474
imit,2475
souvenir,2476
camia,2477
flower,2478
capon,2479
constant,2480
termini,2481
modena,2482
merano,2483
softer,2484
nonna,2485
opportun,2486
fit,2487
exampl,2488
greener,2489
francica,2490
gardena,2491
milazzo,2492
indulg,2493
ferretto,2494
laera,2495
sereno,2496
lugagnano,2497
biennal,2498
broken,2499
organis,2500
frût,2501
sip,2502
outset,2503
perdomoalso,2504
signora,2505
maritozzo,2506
bluefin,2507
skimp,2508
bentivoglio,2509
salvo,2510
dop,2511
team,2512
list,2513
vast,2514
vs,2515
baiocco,2516
corpo,2517
fishhead,2518
serra,2519
abeurr,2520
road,2521
qualiti,2522
ingredi,2523
teem,2524
clime,2525
issu,2526
particular,2527
tagliatel,2528
contemporan,2529
nascosto,2530
todi,2531
surfboard,2532
concis,2533
export,2534
game,2535
lacco,2536
marciana,2537
prino,2538
jamantè,2539
cantin,2540
terrazza,2541
trastever,2542
pud,2543
detract,2544
fa,2545
wasabi,2546
act,2547
nobless,2548
overlook,2549
consequ,2550
feel,2551
ravarotto,2552
bright,2553
arsenal,2554
boulder,2555
pizzaiola,2556
giulia,2557
trap,2558
sull,2559
spiritu,2560
destin,2561
borag,2562
resid,2563
borsa,2564
fishbon,2565
energi,2566
maria,2567
parisian,2568
courmayeur,2569
pow,2570
giuliana,2571
brusson,2572
appreci,2573
hush,2574
grandpar,2575
sceneri,2576
manuelina,2577
vasocottura,2578
page,2579
feast,2580
garag,2581
fumiko,2582
veget,2583
rustic,2584
gala,2585
sesso,2586
mouthwat,2587
cornaredo,2588
meantim,2589
balbianello,2590
doze,2591
neutral,2592
capitaneo,2593
bisqu,2594
perna,2595
spa,2596
venu,2597
berghotel,2598
input,2599
piemont,2600
look,2601
eighth,2602
giancarlo,2603
manufactur,2604
fossaceca,2605
greeneri,2606
oxtail,2607
zero,2608
franciacorta,2609
palladiana,2610
costa,2611
piemontes,2612
box,2613
circella,2614
ost,2615
sciliar,2616
attanasio,2617
lumira,2618
padoan,2619
reflect,2620
chapel,2621
clock,2622
montepulciano,2623
descent,2624
philosophi,2625
barn,2626
backdrop,2627
lichen,2628
vial,2629
frediano,2630
versilian,2631
bosana,2632
emozioni,2633
pellegrino,2634
contemporari,2635
butcher,2636
salinari,2637
quinson,2638
poetri,2639
realis,2640
elena,2641
sila,2642
chianina,2643
alcherm,2644
nuovo,2645
taught,2646
verd,2647
apricena,2648
win,2649
sine,2650
muffl,2651
issa,2652
entranc,2653
francigena,2654
timeless,2655
done,2656
around,2657
encourag,2658
velouté,2659
uliveto,2660
ring,2661
moor,2662
bressanon,2663
volumnia,2664
daylight,2665
australia,2666
locat,2667
herbal,2668
chioggia,2669
warrior,2670
ad,2671
lie,2672
brass,2673
proietti,2674
partnership,2675
niko,2676
noteworthi,2677
like,2678
trulli,2679
also,2680
freedom,2681
baciadonn,2682
instagram,2683
common,2684
rich,2685
fertil,2686
thick,2687
asolo,2688
vezzani,2689
advic,2690
whiski,2691
sigilinium,2692
pastureland,2693
merlo,2694
pignatelli,2695
ghezzi,2696
augusta,2697
crescendo,2698
façad,2699
amid,2700
michael,2701
shadi,2702
gentl,2703
svevo,2704
bird,2705
broccoli,2706
napoli,2707
vault,2708
amaz,2709
spimpolo,2710
celebratori,2711
vertigin,2712
peasant,2713
cappellaccio,2714
bonet,2715
varignana,2716
riccio,2717
sui,2718
preposit,2719
crippa,2720
brick,2721
bitter,2722
pastri,2723
seminario,2724
atturrata,2725
thetortellini,2726
pici,2727
breathtakingli,2728
cotton,2729
keyword,2730
agnoli,2731
bronzo,2732
alchemi,2733
night,2734
knowledg,2735
histori,2736
nostra,2737
loss,2738
diario,2739
satoshi,2740
tyroles,2741
level,2742
impos,2743
object,2744
conservatori,2745
impress,2746
piacentina,2747
convert,2748
melt,2749
bulgari,2750
pappardel,2751
boundari,2752
cuisin,2753
ribollita,2754
franc,2755
char,2756
ann,2757
enviabl,2758
encompass,2759
branch,2760
escalop,2761
drape,2762
firework,2763
grödnerhof,2764
ciambella,2765
serv,2766
salad,2767
disturb,2768
portrait,2769
ruggiero,2770
spiritoso,2771
inherit,2772
fermo,2773
nurtur,2774
wing,2775
une,2776
uncompromis,2777
question,2778
respect,2779
miori,2780
massimiliano,2781
wall,2782
stigghiola,2783
pitosforo,2784
prior,2785
creeper,2786
snack,2787
hosomaki,2788
pink,2789
cielo,2790
langh,2791
hintner,2792
conchiglioni,2793
niccolò,2794
becam,2795
propos,2796
chair,2797
apostolo,2798
cristina,2799
pleasant,2800
mutuo,2801
trafilata,2802
tiber,2803
secondi,2804
belong,2805
gnocchetti,2806
remain,2807
tirtl,2808
regret,2809
bare,2810
ban,2811
convivi,2812
preserv,2813
egg,2814
superior,2815
date,2816
biodivers,2817
cure,2818
mayonnais,2819
english,2820
intrigu,2821
salvia,2822
studio,2823
popular,2824
vertic,2825
scottadito,2826
leonardi,2827
professor,2828
nativ,2829
billia,2830
tonino,2831
escap,2832
explan,2833
glaze,2834
boost,2835
bartoli,2836
pear,2837
leav,2838
cavalieri,2839
thousand,2840
flaiano,2841
marzamemi,2842
pizzeria,2843
roquefort,2844
rucola,2845
monferrini,2846
fisheri,2847
worker,2848
thing,2849
remot,2850
kondo,2851
remind,2852
modernis,2853
immers,2854
iron,2855
irpinia,2856
accumul,2857
dario,2858
parco,2859
chardonnay,2860
pescator,2861
sort,2862
vastes,2863
ingles,2864
exit,2865
sale,2866
burkhard,2867
uliassi,2868
stapl,2869
norbert,2870
econom,2871
juan,2872
exquisitepanzerotti,2873
cascinalenuovo,2874
laguna,2875
tribut,2876
golfi,2877
tapa,2878
flee,2879
destroy,2880
bath,2881
colmetto,2882
sebada,2883
bun,2884
mid,2885
imprezios,2886
vigezzo,2887
tonnato,2888
miseria,2889
mini,2890
area,2891
statuett,2892
palazzi,2893
haut,2894
risultato,2895
yuyo,2896
straight,2897
age,2898
autist,2899
softli,2900
baroni,2901
pasticcio,2902
reggiano,2903
caponada,2904
contron,2905
lamb,2906
erbaluc,2907
pressati,2908
gelliu,2909
exchang,2910
tola,2911
cusumano,2912
travertin,2913
milanes,2914
bespok,2915
valentina,2916
anita,2917
alcohol,2918
lime,2919
bell,2920
stagion,2921
perfectli,2922
isola,2923
falzarego,2924
ecuador,2925
possoni,2926
zabajon,2927
sono,2928
romano,2929
sotto,2930
drawn,2931
gusto,2932
certainli,2933
exot,2934
across,2935
postorino,2936
promenad,2937
oliva,2938
personalis,2939
filanda,2940
notic,2941
flask,2942
madonnina,2943
reign,2944
ciauscolo,2945
pannicolo,2946
josè,2947
safari,2948
biscotti,2949
laboratori,2950
progress,2951
georg,2952
iaccarino,2953
fresca,2954
cutlet,2955
sansepolcro,2956
oubèrgi,2957
beverag,2958
option,2959
martin,2960
sheer,2961
piev,2962
erasmo,2963
lakeshor,2964
difficulti,2965
stilla,2966
tiglio,2967
seeport,2968
vatican,2969
luca,2970
etc,2971
eel,2972
furnitur,2973
enoteca,2974
stonework,2975
nicknam,2976
murgia,2977
terrin,2978
filosofi,2979
ciliegi,2980
ferrares,2981
cerver,2982
ironi,2983
european,2984
trani,2985
cefalù,2986
southern,2987
baganza,2988
riomaggior,2989
staff,2990
alfonso,2991
ciro,2992
montecuccoli,2993
doorbel,2994
trabe,2995
comandant,2996
pillar,2997
torta,2998
leaven,2999
brunico,3000
type,3001
sooth,3002
eight,3003
mutual,3004
temperini,3005
marzio,3006
distil,3007
tâche,3008
intim,3009
stun,3010
giudecca,3011
peca,3012
space,3013
visitor,3014
courteou,3015
maezza,3016
durnwald,3017
michelangelo,3018
substanc,3019
macellaria,3020
beluga,3021
tedeschi,3022
basso,3023
rural,3024
quintero,3025
lack,3026
daniela,3027
profici,3028
drink,3029
fort,3030
masterli,3031
finanzierastew,3032
storici,3033
occhiovivo,3034
candlelit,3035
verona,3036
agata,3037
piselli,3038
arabo,3039
version,3040
ora,3041
tataki,3042
bacoli,3043
larg,3044
oyster,3045
elegant,3046
framura,3047
email,3048
conjur,3049
gianfranco,3050
nearest,3051
oil,3052
damask,3053
tordelli,3054
balanc,3055
water,3056
recycl,3057
latin,3058
praianes,3059
capannori,3060
shallot,3061
neighbour,3062
navelli,3063
bulwark,3064
meravigliao,3065
homeland,3066
bringoli,3067
maturato,3068
pasteuris,3069
gene,3070
spice,3071
sukiyaki,3072
sorrentino,3073
augurio,3074
erba,3075
feminin,3076
cantuccio,3077
fee,3078
vino,3079
alassio,3080
nice,3081
carlo,3082
terzavia,3083
bertini,3084
opt,3085
fingerlim,3086
offal,3087
fairytal,3088
abound,3089
leon,3090
real,3091
creativefuori,3092
cookwar,3093
ingiulla,3094
ottima,3095
busi,3096
temperatur,3097
sfoglia,3098
may,3099
obviou,3100
anima,3101
jorg,3102
pagliazza,3103
pe,3104
japan,3105
soverato,3106
ran,3107
champagneria,3108
stand,3109
rib,3110
manich,3111
christian,3112
gerri,3113
omit,3114
perspect,3115
photo,3116
preboggion,3117
armchair,3118
quit,3119
cornic,3120
porcelli,3121
liver,3122
lepor,3123
h,3124
intuit,3125
hold,3126
worthi,3127
urchin,3128
imprint,3129
venosa,3130
cossio,3131
anim,3132
mild,3133
far,3134
seawe,3135
cavallino,3136
bacher,3137
cipressi,3138
sophist,3139
dusti,3140
isol,3141
rosso,3142
taverna,3143
terracina,3144
romagnola,3145
concern,3146
hesit,3147
grana,3148
tradizion,3149
cornerston,3150
truffl,3151
written,3152
nobl,3153
cristian,3154
pineta,3155
lefay,3156
ennio,3157
dim,3158
sini,3159
horatio,3160
pamper,3161
settembr,3162
esperienz,3163
claudio,3164
bergamo,3165
ca,3166
attilio,3167
refer,3168
arborina,3169
ichikawa,3170
ega,3171
crescenzo,3172
seen,3173
cauda,3174
credenti,3175
sweetcorn,3176
cauldron,3177
hare,3178
await,3179
murat,3180
bra,3181
formula,3182
captiv,3183
omakas,3184
salcheto,3185
marchigiana,3186
spot,3187
fine,3188
captur,3189
passion,3190
holidaymak,3191
gracious,3192
tast,3193
solociccia,3194
fortana,3195
winter,3196
giarr,3197
grew,3198
prais,3199
modest,3200
cahssai,3201
conceal,3202
highlight,3203
laurel,3204
necessari,3205
bao,3206
introduct,3207
variat,3208
appl,3209
apostl,3210
allow,3211
flavio,3212
courtyard,3213
stagional,3214
target,3215
roof,3216
pezzo,3217
charcoal,3218
evoluzion,3219
geniu,3220
flurin,3221
tajarin,3222
rho,3223
arancino,3224
erbett,3225
cannoli,3226
eas,3227
movimento,3228
cabl,3229
elong,3230
venart,3231
venetianbàcaro,3232
tenor,3233
catfish,3234
whose,3235
parasol,3236
coda,3237
bistecca,3238
mine,3239
lunchtim,3240
centenari,3241
cacciator,3242
shipyard,3243
colonnata,3244
lamezia,3245
uniqu,3246
birramisù,3247
maccaron,3248
fireplac,3249
prioritis,3250
tasti,3251
provenienti,3252
section,3253
spend,3254
studi,3255
vittorio,3256
colli,3257
alkerm,3258
expand,3259
stravecchio,3260
alway,3261
palumbo,3262
refrigeri,3263
kindergarten,3264
associ,3265
osmosi,3266
consumm,3267
kerkira,3268
classicpigeon,3269
visconti,3270
tempt,3271
montalcino,3272
dietro,3273
dash,3274
appealingli,3275
lai,3276
allud,3277
natali,3278
colorata,3279
deck,3280
numana,3281
brazier,3282
sassicaia,3283
merit,3284
fell,3285
unfussi,3286
tomato,3287
eater,3288
torrisi,3289
noli,3290
perhap,3291
print,3292
exclud,3293
flair,3294
sangro,3295
valu,3296
cusago,3297
decor,3298
wider,3299
steam,3300
serina,3301
effortlessli,3302
glam,3303
featuresarrosticini,3304
classico,3305
novelti,3306
unit,3307
jovial,3308
ciclopi,3309
older,3310
ginger,3311
locanda,3312
mocellin,3313
prelud,3314
tantri,3315
vescovado,3316
piombino,3317
stilt,3318
white,3319
invit,3320
samboseto,3321
favourit,3322
faraglioni,3323
outdooral,3324
fleme,3325
alessio,3326
cocktail,3327
ala,3328
golden,3329
puccini,3330
coffe,3331
elefant,3332
advis,3333
vasariana,3334
porchetta,3335
accanto,3336
indiniò,3337
cambio,3338
esperienza,3339
peter,3340
costabella,3341
quickli,3342
curiou,3343
nowaday,3344
complex,3345
built,3346
ghirlanda,3347
maison,3348
matteo,3349
friggitello,3350
eventu,3351
appetis,3352
bergamot,3353
mel,3354
mirella,3355
gucci,3356
lend,3357
affect,3358
turin,3359
alain,3360
cava,3361
sardin,3362
castraur,3363
recal,3364
undeni,3365
side,3366
ago,3367
storehous,3368
figur,3369
monopoli,3370
latini,3371
breakfast,3372
tufa,3373
kombu,3374
beacon,3375
updat,3376
nori,3377
arcad,3378
nù,3379
natalini,3380
neighborhood,3381
line,3382
joël,3383
polpo,3384
twin,3385
supervis,3386
sauna,3387
oberwirt,3388
david,3389
auster,3390
thegreentast,3391
gerhard,3392
pen,3393
winckel,3394
bordo,3395
pie,3396
flourish,3397
sometim,3398
effici,3399
success,3400
loyal,3401
calabres,3402
outli,3403
gamay,3404
brescian,3405
milda,3406
role,3407
caught,3408
renon,3409
particolar,3410
hamachi,3411
roia,3412
brasato,3413
fauna,3414
sell,3415
perfect,3416
dolc,3417
ecosystem,3418
byblo,3419
tumin,3420
vineyard,3421
manger,3422
veneto,3423
cesar,3424
cracco,3425
disheswith,3426
brigida,3427
marinad,3428
grual,3429
adler,3430
solid,3431
brown,3432
swim,3433
partner,3434
trentacosti,3435
illumin,3436
snapper,3437
scallop,3438
bigoli,3439
ricordi,3440
cappelletti,3441
postomean,3442
charact,3443
crowd,3444
month,3445
calett,3446
coco,3447
relai,3448
elba,3449
fabrizi,3450
evelyn,3451
monk,3452
surprisingli,3453
vanacor,3454
cevich,3455
beech,3456
collin,3457
describ,3458
stellaria,3459
oper,3460
paola,3461
eugenia,3462
missoltino,3463
lampascioni,3464
linger,3465
gastronom,3466
bound,3467
battistoni,3468
realiti,3469
venetian,3470
needl,3471
angler,3472
domenica,3473
milan,3474
winner,3475
aliv,3476
informal,3477
postman,3478
seafood,3479
pico,3480
superl,3481
toè,3482
bassa,3483
memor,3484
balsam,3485
frescada,3486
ambienti,3487
tuscan,3488
schlosswirt,3489
cherasco,3490
entrepreneur,3491
groan,3492
gondolieri,3493
della,3494
arnolfo,3495
wherev,3496
costanzo,3497
bagna,3498
andreina,3499
bislacco,3500
gavi,3501
kind,3502
blu,3503
rimini,3504
hospit,3505
modo,3506
mysteri,3507
friuli,3508
enzo,3509
casertano,3510
décor,3511
frantoio,3512
nunziata,3513
decidedli,3514
flexibl,3515
stranger,3516
boffa,3517
rizzuto,3518
curli,3519
plant,3520
master,3521
panissa,3522
penna,3523
piedmontes,3524
dello,3525
completata,3526
reliabl,3527
ember,3528
fewer,3529
work,3530
fusion,3531
result,3532
armi,3533
torchiettibistro,3534
kevin,3535
network,3536
habsburg,3537
cosi,3538
utini,3539
luisa,3540
tespi,3541
recommend,3542
vintag,3543
obsess,3544
mission,3545
steiner,3546
china,3547
bari,3548
tagliolini,3549
mugo,3550
adrià,3551
kratter,3552
legendari,3553
gong,3554
tack,3555
beretta,3556
spheric,3557
overnight,3558
vivalda,3559
gambero,3560
annunziata,3561
stresa,3562
soufflé,3563
lace,3564
brasseri,3565
thought,3566
toblino,3567
pacif,3568
northern,3569
held,3570
tronto,3571
michelina,3572
landscap,3573
emot,3574
dell,3575
fiordilatt,3576
proverbi,3577
sector,3578
rosewood,3579
would,3580
germani,3581
spaciou,3582
pizzetta,3583
spoleto,3584
grouper,3585
fagon,3586
patricia,3587
premis,3588
cime,3589
dire,3590
arca,3591
stylish,3592
posto,3593
ciotti,3594
nicastro,3595
bellotti,3596
call,3597
milon,3598
vall,3599
flamingo,3600
pleasingli,3601
centofanti,3602
mano,3603
consolid,3604
extrem,3605
unforgett,3606
fiat,3607
geotherm,3608
baita,3609
probiz,3610
guarneri,3611
biodynam,3612
viaggio,3613
adventur,3614
trendi,3615
saltwat,3616
malaspina,3617
passageway,3618
bressan,3619
beurr,3620
task,3621
tubladel,3622
weekday,3623
journey,3624
classi,3625
skewer,3626
sport,3627
luna,3628
classic,3629
renato,3630
rainer,3631
unspoilt,3632
au,3633
grand,3634
plung,3635
tozuppa,3636
vase,3637
grown,3638
stop,3639
mirto,3640
pranzo,3641
procida,3642
orangeri,3643
frog,3644
stretch,3645
bar,3646
scottish,3647
paprika,3648
anchovi,3649
castelli,3650
april,3651
castelfranco,3652
lucki,3653
museum,3654
crow,3655
matriciana,3656
chees,3657
loro,3658
indigo,3659
aristocrat,3660
vittorial,3661
ziantoni,3662
ivano,3663
napoleon,3664
gambino,3665
costantino,3666
falanghina,3667
architectur,3668
evid,3669
copiou,3670
maial,3671
coldana,3672
extract,3673
earthquak,3674
own,3675
uninterrupt,3676
industri,3677
central,3678
cun,3679
chimichurri,3680
share,3681
amor,3682
turn,3683
drip,3684
flag,3685
sgrò,3686
clean,3687
function,3688
landi,3689
patienc,3690
merchant,3691
gainn,3692
king,3693
recur,3694
crema,3695
interestingli,3696
beetroot,3697
scalinata,3698
practic,3699
aim,3700
fishmong,3701
truli,3702
lori,3703
point,3704
club,3705
ilario,3706
break,3707
città,3708
mirabella,3709
prolong,3710
rebrand,3711
fluffi,3712
acqua,3713
honor,3714
bouchard,3715
antico,3716
ortisei,3717
viewpoint,3718
everywher,3719
subdu,3720
salesman,3721
hinterland,3722
fennel,3723
marsupino,3724
cabinet,3725
romanesqu,3726
pallon,3727
first,3728
set,3729
comprehens,3730
toro,3731
handmad,3732
cartosio,3733
dolom,3734
armerina,3735
griffa,3736
pantheon,3737
neri,3738
goat,3739
engel,3740
anni,3741
marchini,3742
resembl,3743
iseo,3744
rais,3745
confirm,3746
palmi,3747
marconi,3748
spill,3749
carpigiani,3750
cesenatico,3751
evoc,3752
factori,3753
hamlet,3754
mind,3755
assist,3756
imperator,3757
cannavacciuolo,3758
energet,3759
mincio,3760
bacchu,3761
chef,3762
unsuccess,3763
friday,3764
glimps,3765
bonu,3766
sontuosi,3767
tiberio,3768
berruti,3769
charismat,3770
ethic,3771
adorn,3772
view,3773
corso,3774
distinctli,3775
tagliata,3776
true,3777
prawn,3778
takeaway,3779
aroma,3780
napl,3781
onward,3782
contain,3783
weingut,3784
giasàra,3785
livorno,3786
botania,3787
charm,3788
gianluca,3789
roofbeam,3790
macaroni,3791
explain,3792
brain,3793
beaten,3794
capabl,3795
clue,3796
foremost,3797
authent,3798
puntarel,3799
port,3800
apprenticeship,3801
beli,3802
lombardi,3803
pasquo,3804
rebosio,3805
hall,3806
matares,3807
chilli,3808
passag,3809
silvia,3810
rind,3811
blason,3812
nonetheless,3813
capelli,3814
lee,3815
deep,3816
cotoletta,3817
boccondivino,3818
asian,3819
currant,3820
fusillon,3821
vulcanello,3822
corner,3823
azur,3824
shred,3825
biedermei,3826
degustazion,3827
eccentr,3828
corbara,3829
tuesday,3830
intestin,3831
mixolog,3832
shabbi,3833
acacia,3834
wave,3835
marzullo,3836
icehous,3837
parent,3838
mislead,3839
food,3840
condo,3841
hill,3842
russo,3843
teodoro,3844
fellow,3845
solaria,3846
prime,3847
puff,3848
falconier,3849
beer,3850
smeralda,3851
specialist,3852
vanilla,3853
carbonara,3854
bill,3855
bloom,3856
huber,3857
alp,3858
chitarra,3859
francescana,3860
fairli,3861
grotto,3862
evangelista,3863
eye,3864
birthday,3865
settl,3866
graduat,3867
symbolis,3868
wineri,3869
eugenio,3870
nunzio,3871
spaniard,3872
signal,3873
lievitazioni,3874
dentex,3875
anghiari,3876
enthusiasm,3877
scorpion,3878
intric,3879
taragna,3880
pepp,3881
immortalis,3882
palai,3883
faultless,3884
maiellabi,3885
cinnamon,3886
thursday,3887
guess,3888
masterpiec,3889
cours,3890
column,3891
landmark,3892
sublim,3893
lacemak,3894
freshli,3895
announc,3896
truer,3897
seriana,3898
tempura,3899
trapani,3900
loung,3901
petrosino,3902
scarpetta,3903
zanasi,3904
bino,3905
sicilian,3906
verbano,3907
portes,3908
strictli,3909
assunta,3910
grandfath,3911
cosmo,3912
saracca,3913
justic,3914
whatev,3915
perciasacchi,3916
antonio,3917
chronopoulo,3918
mark,3919
vegetarian,3920
contemporanea,3921
crenel,3922
frothi,3923
introduc,3924
singl,3925
strawberri,3926
whet,3927
partenop,3928
swordfish,3929
follow,3930
prison,3931
excurs,3932
resolut,3933
solopiemont,3934
romanesco,3935
occas,3936
uffizi,3937
jacopo,3938
ox,3939
symbol,3940
greenhous,3941
taglienti,3942
fuori,3943
aprea,3944
badia,3945
toulà,3946
magredi,3947
infin,3948
employe,3949
fix,3950
perla,3951
vicciola,3952
silenc,3953
mirror,3954
never,3955
marisa,3956
peel,3957
barisano,3958
suriano,3959
sugihara,3960
candela,3961
prati,3962
rossella,3963
metr,3964
stanzion,3965
magic,3966
recip,3967
bank,3968
arbour,3969
probabl,3970
di,3971
element,3972
contamin,3973
scalera,3974
british,3975
perugia,3976
nearli,3977
dark,3978
banquet,3979
workshop,3980
matur,3981
mezz,3982
molo,3983
torregrotta,3984
sear,3985
ravinetto,3986
sinc,3987
famili,3988
francon,3989
argentina,3990
trota,3991
honey,3992
expertis,3993
burba,3994
ciucci,3995
castiglion,3996
radish,3997
ciasa,3998
bolgheri,3999
es,4000
shiso,4001
adjoin,4002
go,4003
graziano,4004
basement,4005
picaggeandpansottipasta,4006
buffalo,4007
identifi,4008
loprior,4009
guard,4010
assur,4011
fasson,4012
lazian,4013
embrac,4014
vegetariano,4015
maccheroni,4016
cozzetto,4017
carrara,4018
mattara,4019
tale,4020
pizzi,4021
lumen,4022
mushroom,4023
anch,4024
santi,4025
sfoglin,4026
immens,4027
montoro,4028
total,4029
appar,4030
spigaroli,4031
involtino,4032
mash,4033
forino,4034
pavilion,4035
luigia,4036
munzillo,4037
vendemmia,4038
manzoni,4039
sfogli,4040
altern,4041
caluso,4042
pietra,4043
cardi,4044
rubiera,4045
nourish,4046
letter,4047
stefania,4048
pastiera,4049
ambassador,4050
atmospher,4051
dessert,4052
rebellion,4053
timelessli,4054
seduc,4055
tenuta,4056
angela,4057
cucumb,4058
throughout,4059
malatesta,4060
tortuga,4061
inject,4062
narrow,4063
tyrolean,4064
activ,4065
genoa,4066
deservedli,4067
umbertid,4068
duti,4069
zampognaro,4070
justifi,4071
vais,4072
educ,4073
influenti,4074
visit,4075
morsi,4076
shortest,4077
tramontano,4078
pappa,4079
broth,4080
recco,4081
futur,4082
wherea,4083
centuri,4084
littl,4085
storico,4086
laqua,4087
barbera,4088
layer,4089
worri,4090
samphir,4091
chosen,4092
vito,4093
picturesqu,4094
fanci,4095
orang,4096
freshwat,4097
enjoy,4098
bougainvillea,4099
resourc,4100
caretak,4101
intriguingvieni,4102
signor,4103
cake,4104
supplement,4105
conserv,4106
cloud,4107
montanari,4108
fefa,4109
santini,4110
abund,4111
catch,4112
brazilian,4113
mundan,4114
sambuca,4115
perpendicular,4116
corona,4117
expect,4118
unchang,4119
breeder,4120
involtini,4121
aretusi,4122
tree,4123
pomposa,4124
villadorata,4125
postcard,4126
miso,4127
restuar,4128
bergamasca,4129
finest,4130
bassetti,4131
uphil,4132
elisabeth,4133
versatil,4134
stalwart,4135
sofa,4136
reli,4137
granaio,4138
magona,4139
dolcedo,4140
cantina,4141
book,4142
vucciria,4143
dna,4144
el,4145
arcangelo,4146
skyscrap,4147
cross,4148
consumpt,4149
suitabl,4150
parretti,4151
within,4152
entertain,4153
vigevano,4154
fresco,4155
saporito,4156
ceramist,4157
canino,4158
valuabl,4159
boast,4160
whim,4161
deco,4162
subtl,4163
philip,4164
movi,4165
giacchini,4166
german,4167
seafront,4168
monfettini,4169
proprietor,4170
onlin,4171
fed,4172
maurilio,4173
lanzellotti,4174
handwritten,4175
jealous,4176
flora,4177
mazzarel,4178
scorzonera,4179
qafiz,4180
keen,4181
menton,4182
occupi,4183
lush,4184
taurasi,4185
ink,4186
librari,4187
nebrodi,4188
trophi,4189
lorena,4190
suburb,4191
pistachio,4192
fabric,4193
arnaldo,4194
cinti,4195
floriano,4196
anyth,4197
household,4198
showroom,4199
soundtrack,4200
galeata,4201
neighbourhood,4202
take,4203
orto,4204
ionio,4205
cater,4206
pagnotto,4207
versilia,4208
basil,4209
planet,4210
vecchia,4211
job,4212
cover,4213
palluda,4214
prepar,4215
monti,4216
pot,4217
salerno,4218
sensat,4219
mutton,4220
myrtleberri,4221
par,4222
offshor,4223
turbot,4224
palmento,4225
colomb,4226
tool,4227
ossobuco,4228
maggior,4229
alpeggio,4230
baglieri,4231
ivrea,4232
fondant,4233
c,4234
serva,4235
montal,4236
gricia,4237
collect,4238
gagini,4239
pollenzo,4240
gioie,4241
abbattista,4242
cassinetta,4243
nigiri,4244
bassano,4245
express,4246
gronchi,4247
sauc,4248
moura,4249
quintino,4250
incorpor,4251
ristretto,4252
papi,4253
dashi,4254
plankton,4255
chanterel,4256
bean,4257
therapi,4258
fabul,4259
san,4260
faccani,4261
gherardesca,4262
broad,4263
similarli,4264
pastel,4265
teriyaki,4266
gran,4267
horizon,4268
torr,4269
morer,4270
sculptur,4271
patti,4272
columbu,4273
cantarelli,4274
messina,4275
orecchiett,4276
vietres,4277
albereta,4278
nole,4279
counter,4280
numer,4281
forth,4282
sushi,4283
orient,4284
member,4285
spain,4286
career,4287
vibrant,4288
praiano,4289
calandr,4290
pella,4291
sausag,4292
punctual,4293
mudec,4294
troccoli,4295
pedestrian,4296
bucol,4297
bad,4298
bonus,4299
breve,4300
structur,4301
nobiltà,4302
peposo,4303
dialogu,4304
explod,4305
passard,4306
koji,4307
john,4308
switzerland,4309
modern,4310
indefatig,4311
engag,4312
eastern,4313
battuta,4314
cramp,4315
velveti,4316
transform,4317
restructur,4318
italo,4319
scrupul,4320
bundl,4321
asanolini,4322
risotto,4323
thyme,4324
petal,4325
amaro,4326
vehicl,4327
garden,4328
burger,4329
bandwagon,4330
venosta,4331
malp,4332
patrignano,4333
overwhelm,4334
paccheri,4335
redefin,4336
intrusi,4337
said,4338
plenti,4339
spinach,4340
felic,4341
fasolato,4342
buratti,4343
marinara,4344
traditionalist,4345
marci,4346
allergi,4347
sergio,4348
io,4349
cére,4350
prosecco,4351
piedmont,4352
rel,4353
cannonau,4354
ingalera,4355
brightli,4356
nogher,4357
resound,4358
maqui,4359
begin,4360
prussian,4361
pension,4362
guancialino,4363
gra,4364
accord,4365
babà,4366
carrega,4367
brickwork,4368
overal,4369
proud,4370
eleven,4371
monterozzi,4372
logo,4373
aspro,4374
caoda,4375
dama,4376
dio,4377
extraordinarili,4378
renaiss,4379
crop,4380
sawmil,4381
creativ,4382
six,4383
almost,4384
saddl,4385
cucina,4386
madr,4387
salada,4388
brought,4389
bream,4390
kränzelhof,4391
snugli,4392
campobello,4393
ellipt,4394
creak,4395
naviglio,4396
period,4397
coupl,4398
revisit,4399
background,4400
mathia,4401
ambiental,4402
baba,4403
alba,4404
vera,4405
moder,4406
arianna,4407
barbanera,4408
antonia,4409
emin,4410
schio,4411
guilio,4412
mixtur,4413
heritag,4414
sardinian,4415
herbert,4416
gorini,4417
sorrento,4418
lingotto,4419
frutti,4420
virgilio,4421
richli,4422
nephew,4423
taormina,4424
trumpet,4425
narrowest,4426
show,4427
belltow,4428
boer,4429
guado,4430
flowersand,4431
piccolo,4432
ivan,4433
bachelor,4434
grillo,4435
asti,4436
content,4437
tend,4438
valerio,4439
gastro,4440
even,4441
right,4442
key,4443
ownership,4444
nella,4445
luchino,4446
kept,4447
vigilio,4448
sanbrit,4449
sa,4450
proudli,4451
guido,4452
exagger,4453
opitergium,4454
quinto,4455
contemporaneità,4456
shortli,4457
miki,4458
lama,4459
monza,4460
sauri,4461
burrata,4462
thesplendid,4463
astra,4464
ii,4465
principl,4466
rear,4467
row,4468
sauvignon,4469
tenaci,4470
cool,4471
può,4472
artistri,4473
reinforc,4474
naturalment,4475
valeria,4476
research,4477
warhol,4478
passioni,4479
tidi,4480
canella,4481
excelsior,4482
asado,4483
herb,4484
ruffano,4485
transumanza,4486
moriggi,4487
contrada,4488
sfincion,4489
lecc,4490
saltwort,4491
environ,4492
consider,4493
vittoria,4494
alta,4495
devetak,4496
sile,4497
beata,4498
cardelli,4499
transatlant,4500
fruit,4501
today,4502
melandri,4503
zhou,4504
mandra,4505
iyo,4506
tad,4507
pianist,4508
berri,4509
shadow,4510
gather,4511
juri,4512
blanc,4513
chantant,4514
woodsmok,4515
nicolosi,4516
lukewarm,4517
acquerello,4518
mandilli,4519
misto,4520
monviso,4521
past,4522
sake,4523
chop,4524
ricotta,4525
castrocaro,4526
monica,4527
elsewher,4528
cost,4529
faster,4530
apt,4531
sformato,4532
thorough,4533
crayfish,4534
distinguish,4535
papal,4536
dens,4537
beneventano,4538
twentieth,4539
charleston,4540
revolutionari,4541
vogu,4542
use,4543
alon,4544
gâteau,4545
umbrin,4546
marineria,4547
chiefli,4548
hidden,4549
blind,4550
vie,4551
exhibit,4552
bavaglino,4553
breast,4554
peak,4555
admiss,4556
enrico,4557
pepperi,4558
salon,4559
widespread,4560
boat,4561
laetitia,4562
rooftop,4563
alighiero,4564
minnuzza,4565
voghera,4566
geometr,4567
ciuffetelli,4568
mercato,4569
suzzara,4570
boccadass,4571
atzeni,4572
exhaust,4573
moscato,4574
scenic,4575
extens,4576
terracotta,4577
till,4578
margherita,4579
subida,4580
miranes,4581
mayr,4582
due,4583
trio,4584
soup,4585
quest,4586
semifreddo,4587
salar,4588
chignola,4589
drop,4590
home,4591
ibla,4592
taken,4593
unknown,4594
polenta,4595
writer,4596
consult,4597
savoy,4598
fracassi,4599
desir,4600
masè,4601
umbrichelli,4602
spaghetti,4603
saor,4604
gatti,4605
calf,4606
piatti,4607
gigant,4608
urbino,4609
dinner,4610
coeliac,4611
brunch,4612
smetana,4613
restor,4614
naval,4615
tiberini,4616
sasso,4617
riscon,4618
pantesco,4619
current,4620
root,4621
end,4622
sara,4623
pedestrianis,4624
miniato,4625
elvira,4626
grappoli,4627
includ,4628
nib,4629
posti,4630
especi,4631
latemar,4632
characterist,4633
solar,4634
tablewar,4635
lloyd,4636
campo,4637
approach,4638
hero,4639
soav,4640
except,4641
pinch,4642
sosta,4643
falser,4644
worth,4645
nine,4646
fame,4647
instinct,4648
ventresca,4649
carropont,4650
cavolo,4651
juke,4652
blasio,4653
leek,4654
church,4655
gorgonzola,4656
provola,4657
fettuccin,4658
gentian,4659
quasi,4660
hilltop,4661
hazelnut,4662
russi,4663
behind,4664
aptli,4665
cosylittl,4666
emblemat,4667
smallest,4668
mame,4669
anolini,4670
affogato,4671
involv,4672
quintogusto,4673
shade,4674
vicentina,4675
dull,4676
plate,4677
caserta,4678
potì,4679
altitud,4680
miramonti,4681
learnt,4682
author,4683
loggia,4684
craparo,4685
st,4686
rapini,4687
circular,4688
yet,4689
whelk,4690
pinot,4691
power,4692
schneider,4693
move,4694
ortigia,4695
quintessenza,4696
hilli,4697
diner,4698
bufi,4699
formazza,4700
albenga,4701
unusu,4702
cliff,4703
select,4704
forag,4705
nemi,4706
la,4707
seregno,4708
tabl,4709
mussel,4710
russian,4711
vanessa,4712
katia,4713
bathroom,4714
acaja,4715
effect,4716
lesina,4717
reopen,4718
stuffi,4719
muse,4720
palat,4721
molaro,4722
cantones,4723
eden,4724
tipico,4725
pergola,4726
earthi,4727
prompt,4728
guinea,4729
alajmo,4730
thermal,4731
add,4732
decept,4733
lapland,4734
lid,4735
rabbit,4736
fogher,4737
rhubarb,4738
oldofredi,4739
scalo,4740
granita,4741
drive,4742
evan,4743
execut,4744
basi,4745
thepizza,4746
sonya,4747
enhanc,4748
trend,4749
lanka,4750
mondello,4751
basin,4752
artist,4753
redevelop,4754
undoubt,4755
basilica,4756
barg,4757
dual,4758
button,4759
direct,4760
baglio,4761
comacina,4762
mention,4763
quarta,4764
mare,4765
mart,4766
span,4767
spoltino,4768
volterra,4769
falter,4770
bowerman,4771
limonaia,4772
civitella,4773
stroll,4774
abbadia,4775
stafler,4776
salt,4777
egnazia,4778
navona,4779
oberhamm,4780
contrari,4781
ladinia,4782
net,4783
sesam,4784
trezzo,4785
alley,4786
nikita,4787
cegli,4788
fogolar,4789
philosoph,4790
agostino,4791
jurist,4792
kuccagna,4793
tilia,4794
whitefish,4795
sagrestia,4796
hong,4797
mancino,4798
inspir,4799
stefano,4800
perpetu,4801
enorm,4802
want,4803
gae,4804
order,4805
cappon,4806
operaia,4807
episod,4808
lili,4809
experi,4810
might,4811
item,4812
delici,4813
battl,4814
paradigma,4815
campigotto,4816
reconnect,4817
montefalco,4818
lana,4819
glass,4820
fowl,4821
cep,4822
smile,4823
abou,4824
vallefredda,4825
smoke,4826
pezzogna,4827
rizz,4828
struck,4829
combin,4830
gianello,4831
flow,4832
carn,4833
entrust,4834
mariapaola,4835
servic,4836
modifi,4837
capitan,4838
heart,4839
anacapri,4840
tombola,4841
alreadi,4842
mengoni,4843
oristano,4844
baja,4845
li,4846
rum,4847
contagi,4848
stronghold,4849
ornament,4850
carlofortinian,4851
canzian,4852
cousin,4853
minimalist,4854
mulberri,4855
bono,4856
mix,4857
soccorso,4858
forlì,4859
quel,4860
brenta,4861
ariel,4862
sassi,4863
control,4864
semicircular,4865
celest,4866
divers,4867
ancestor,4868
reinterpret,4869
contaminazioni,4870
pesticid,4871
spanish,4872
damiano,4873
appeal,4874
elm,4875
whether,4876
sassongh,4877
wild,4878
mazzaroni,4879
cappelli,4880
longhini,4881
bed,4882
natal,4883
domodossola,4884
acireal,4885
arezzo,4886
borgo,4887
arancini,4888
migliaccio,4889
skirt,4890
sicili,4891
finanziera,4892
dri,4893
fondaco,4894
pigna,4895
agrituristica,4896
outsid,4897
expo,4898
antoni,4899
marseil,4900
charg,4901
loop,4902
teverini,4903
monach,4904
relazioni,4905
diminut,4906
system,4907
fountain,4908
coxinendi,4909
riscoperta,4910
dioces,4911
deal,4912
lovag,4913
mayo,4914
made,4915
tortellino,4916
movement,4917
paradiso,4918
window,4919
karl,4920
planeta,4921
nearbi,4922
strongli,4923
nineteenth,4924
raf,4925
bark,4926
normal,4927
duo,4928
cicada,4929
catherin,4930
along,4931
tea,4932
fatjon,4933
sole,4934
denomin,4935
caramanico,4936
agli,4937
scelta,4938
virgin,4939
cut,4940
hagen,4941
latest,4942
harbour,4943
grapefruit,4944
slogan,4945
pollock,4946
gilmor,4947
emigr,4948
chessa,4949
nigro,4950
fri,4951
hard,4952
acereta,4953
consum,4954
pergin,4955
cream,4956
marecchia,4957
ragu,4958
verbania,4959
facil,4960
moresca,4961
giada,4962
sirmion,4963
treviso,4964
hail,4965
tyrol,4966
acid,4967
favorita,4968
great,4969
lucio,4970
barbequ,4971
famou,4972
connoisseur,4973
stunningli,4974
occasion,4975
deeper,4976
grandeur,4977
tourist,4978
sweet,4979
happi,4980
cohes,4981
ischia,4982
pair,4983
overview,4984
strombolicchio,4985
medic,4986
her,4987
maiz,4988
spaghetto,4989
fritta,4990
better,4991
strengthen,4992
life,4993
heartili,4994
manner,4995
championship,4996
undiminish,4997
stay,4998
cooler,4999
delicaci,5000
proposta,5001
lucera,5002
chard,5003
friendship,5004
harvest,5005
barbecu,5006
explos,5007
spellbound,5008
siviero,5009
suggest,5010
saturday,5011
riesl,5012
withzabaion,5013
vanlangenaek,5014
soy,5015
henri,5016
varieti,5017
brianza,5018
sabino,5019
unannounc,5020
fiorentinaopt,5021
quicker,5022
rang,5023
access,5024
locatello,5025
sum,5026
lit,5027
peru,5028
highest,5029
golfo,5030
corrado,5031
shop,5032
hanger,5033
suffic,5034
soften,5035
beatric,5036
territori,5037
magnini,5038
fabrizio,5039
orchard,5040
remodel,5041
lap,5042
bonito,5043
robustli,5044
familiar,5045
profession,5046
satnav,5047
ambiti,5048
pazientina,5049
portinari,5050
scossoand,5051
mainland,5052
construct,5053
querc,5054
sangiovesi,5055
underst,5056
hectar,5057
gianpaolo,5058
byron,5059
tower,5060
enbogonè,5061
marcello,5062
mont,5063
cattl,5064
savô,5065
bordeaux,5066
ricorda,5067
elli,5068
laden,5069
wife,5070
vincenzo,5071
argaj,5072
durat,5073
site,5074
applic,5075
imperatori,5076
e,5077
armani,5078
roast,5079
godia,5080
numerouscicchetti,5081
citru,5082
confin,5083
develop,5084
gabicc,5085
world,5086
dip,5087
ristoclub,5088
fabbrica,5089
addict,5090
menu,5091
omaggio,5092
manuela,5093
adopt,5094
treat,5095
oneglia,5096
viaggi,5097
rovati,5098
bend,5099
redecor,5100
odyssey,5101
height,5102
solina,5103
pontino,5104
terrac,5105
formerli,5106
fuenti,5107
barolo,5108
store,5109
del,5110
summaris,5111
simonato,5112
coast,5113
formichella,5114
bladder,5115
cv,5116
inland,5117
determinedli,5118
crumb,5119
marotta,5120
diffuso,5121
credit,5122
largest,5123
pirandello,5124
sashimi,5125
new,5126
w,5127
smoker,5128
vipiteno,5129
equens,5130
fenicottero,5131
maîtr,5132
vecio,5133
put,5134
ricomincio,5135
tackl,5136
fulli,5137
liquid,5138
encircl,5139
hang,5140
integr,5141
mozzarella,5142
daniel,5143
round,5144
entir,5145
camp,5146
restaurateur,5147
ruin,5148
cement,5149
cri,5150
dairi,5151
radetzki,5152
outbuild,5153
quick,5154
herbier,5155
brais,5156
us,5157
reserv,5158
framework,5159
catalogu,5160
duomo,5161
lido,5162
floral,5163
absinth,5164
era,5165
foie,5166
antonini,5167
trust,5168
mantua,5169
affido,5170
apreda,5171
mascia,5172
baldassar,5173
yoji,5174
pleasantli,5175
cortil,5176
mantuan,5177
porto,5178
showcas,5179
iberian,5180
characteris,5181
convers,5182
emilia,5183
discreetli,5184
almond,5185
freshest,5186
seri,5187
lamp,5188
chioccia,5189
overse,5190
coppa,5191
bit,5192
archway,5193
fune,5194
climat,5195
garda,5196
albergo,5197
limit,5198
gaio,5199
variou,5200
beig,5201
colleoni,5202
thoma,5203
orti,5204
wholem,5205
genuin,5206
sea,5207
massimo,5208
luxuri,5209
recharg,5210
clitunno,5211
kebab,5212
giuliano,5213
al,5214
bresaola,5215
poderi,5216
arrigoni,5217
downhil,5218
puf,5219
donkey,5220
tuff,5221
acquapartita,5222
emphasi,5223
nois,5224
custom,5225
malloreddu,5226
domin,5227
moma,5228
locali,5229
sposito,5230
pascal,5231
gleam,5232
cogliardo,5233
taral,5234
ellipsoid,5235
fritter,5236
cerea,5237
walk,5238
intern,5239
berton,5240
negra,5241
sala,5242
though,5243
adjust,5244
hide,5245
brutto,5246
fall,5247
indonesian,5248
clear,5249
steak,5250
cultiv,5251
pumpkin,5252
trendiest,5253
thinnest,5254
excellentplin,5255
fondazion,5256
wheel,5257
venissa,5258
mani,5259
futura,5260
mean,5261
verdur,5262
plessi,5263
bassi,5264
caciucco,5265
follina,5266
trento,5267
antinori,5268
sommeli,5269
lino,5270
paid,5271
lighter,5272
apricot,5273
flawless,5274
scomponibili,5275
parker,5276
sbrisolona,5277
reggio,5278
neat,5279
lucia,5280
head,5281
casatiello,5282
territorio,5283
fifth,5284
tuorlo,5285
envisag,5286
filippo,5287
coll,5288
vertical,5289
monument,5290
cjarson,5291
naturalité,5292
anonym,5293
thirti,5294
backlit,5295
notabl,5296
clusan,5297
levi,5298
flagship,5299
regina,5300
televis,5301
hidalgo,5302
painstak,5303
whole,5304
mouss,5305
parolina,5306
sapidità,5307
soon,5308
bartolucci,5309
camilla,5310
carriag,5311
susci,5312
novara,5313
welfar,5314
sutri,5315
forio,5316
mar,5317
holder,5318
quarter,5319
immedi,5320
primi,5321
elegantli,5322
ferrari,5323
tall,5324
straordinario,5325
mole,5326
meucci,5327
angiolucci,5328
visibl,5329
goos,5330
anyon,5331
shape,5332
mountain,5333
holiday,5334
romagna,5335
purpos,5336
patron,5337
mop,5338
individu,5339
adèl,5340
lose,5341
sakali,5342
sincer,5343
savio,5344
celebr,5345
bellagio,5346
andi,5347
necropoli,5348
sbira,5349
carannant,5350
macaroon,5351
niederkofl,5352
marewhich,5353
stuff,5354
social,5355
spumon,5356
arriv,5357
boathous,5358
cajinci,5359
alfio,5360
umbrella,5361
warm,5362
girtler,5363
junior,5364
brera,5365
vaiani,5366
crest,5367
dei,5368
possibl,5369
fallen,5370
gola,5371
abruzzesetorronenam,5372
somma,5373
apostelstub,5374
fornari,5375
stara,5376
men,5377
initi,5378
will,5379
est,5380
pave,5381
carrot,5382
volp,5383
lussuoso,5384
porcelain,5385
oro,5386
blue,5387
resort,5388
warn,5389
galileo,5390
antich,5391
bocca,5392
old,5393
gard,5394
murano,5395
profeta,5396
tobiko,5397
ascent,5398
vescovil,5399
modugno,5400
erbazzon,5401
salti,5402
luisl,5403
bellingeri,5404
acciderba,5405
lorelei,5406
pari,5407
virginia,5408
antonello,5409
tantal,5410
sight,5411
zuppa,5412
murrua,5413
acquarol,5414
amerigo,5415
modica,5416
attent,5417
textil,5418
impero,5419
light,5420
rehabilit,5421
itsjoia,5422
sett,5423
krug,5424
illustr,5425
prebugiun,5426
firstli,5427
endiv,5428
environment,5429
silk,5430
hen,5431
pina,5432
reward,5433
indaco,5434
saltimbocca,5435
solaika,5436
tafuri,5437
delizi,5438
mi,5439
krèsio,5440
sens,5441
meat,5442
christma,5443
encyclopaed,5444
vinaigrett,5445
apart,5446
matter,5447
simpli,5448
campsit,5449
childhood,5450
mupa,5451
gaspari,5452
mansion,5453
incred,5454
crème,5455
anise,5456
tench,5457
sienes,5458
slowli,5459
primit,5460
favignana,5461
west,5462
l,5463
maratea,5464
verdant,5465
referenc,5466
ça,5467
harmoni,5468
dresser,5469
countless,5470
alghero,5471
proto,5472
piacentin,5473
curd,5474
stracchino,5475
foothil,5476
parmens,5477
panfilio,5478
weather,5479
ami,5480
shelter,5481
ampl,5482
oak,5483
nadia,5484
minori,5485
taco,5486
pizza,5487
happili,5488
incàlmo,5489
concept,5490
omakasetast,5491
prestigi,5492
produttori,5493
spectacular,5494
courgett,5495
pata,5496
belt,5497
complic,5498
fishermen,5499
underground,5500
troop,5501
hydroelectr,5502
iconica,5503
pace,5504
pasqual,5505
basic,5506
accolla,5507
youth,5508
chianti,5509
tenderloin,5510
emphasis,5511
dwell,5512
slope,5513
lobster,5514
tenet,5515
bruzzon,5516
coat,5517
oh,5518
florian,5519
milano,5520
women,5521
osti,5522
recreat,5523
shell,5524
ciociaria,5525
theatr,5526
cannavino,5527
ventur,5528
declinata,5529
station,5530
outing,5531
mediterraneo,5532
gremolata,5533
sarzana,5534
year,5535
elia,5536
patch,5537
caravaggio,5538
ferrara,5539
promot,5540
thecarbonara,5541
invent,5542
rampina,5543
ateli,5544
cuttaia,5545
mundo,5546
capo,5547
oldani,5548
drago,5549
admir,5550
honest,5551
crispi,5552
baronal,5553
dug,5554
five,5555
vital,5556
indian,5557
blackboard,5558
dot,5559
casertona,5560
collio,5561
earth,5562
salina,5563
pretti,5564
sapori,5565
calderino,5566
ponza,5567
tiramisù,5568
pasticceria,5569
crisci,5570
theodor,5571
constantli,5572
coloni,5573
europa,5574
anniversari,5575
ampezzo,5576
ancestr,5577
continu,5578
lombardo,5579
disappear,5580
stack,5581
influenc,5582
mantarro,5583
grape,5584
address,5585
barberini,5586
advantag,5587
accommod,5588
innocenti,5589
piccola,5590
everyday,5591
penultim,5592
method,5593
padana,5594
francesco,5595
emilian,5596
plaza,5597
galleon,5598
valdestali,5599
korean,5600
benedikto,5601
makorè,5602
monzaluganegasausag,5603
risorgimento,5604
grassland,5605
abroad,5606
calledexperi,5607
pordenon,5608
brazil,5609
fifteen,5610
sacristi,5611
general,5612
shift,5613
nuvola,5614
cajun,5615
valzelli,5616
deepli,5617
bernardo,5618
natura,5619
miteco,5620
richard,5621
lighten,5622
tegamaccio,5623
guardroom,5624
andpetra,5625
worthwhil,5626
children,5627
ramo,5628
takahiko,5629
anto,5630
avant,5631
tastebud,5632
smart,5633
ritual,5634
companion,5635
father,5636
throw,5637
spectrum,5638
citi,5639
canossa,5640
fuss,5641
tistot,5642
unnecessari,5643
venic,5644
pachino,5645
pleasur,5646
lettuc,5647
aisl,5648
udin,5649
open,5650
castelpoto,5651
presidiana,5652
heavili,5653
gradual,5654
nino,5655
roberto,5656
alessandria,5657
feniletto,5658
live,5659
lodg,5660
baldessari,5661
determin,5662
detail,5663
beyond,5664
surround,5665
see,5666
flake,5667
interest,5668
albertina,5669
suili,5670
groceri,5671
piedi,5672
lucan,5673
dough,5674
colombia,5675
cavour,5676
agriturismo,5677
later,5678
silverwar,5679
povera,5680
zabaglion,5681
attempt,5682
craft,5683
ide,5684
bottarga,5685
deliber,5686
austrian,5687
zunica,5688
best,5689
shark,5690
carnaghi,5691
giulio,5692
vibo,5693
turi,5694
tradit,5695
primari,5696
cellar,5697
saint,5698
silhavì,5699
fascin,5700
mara,5701
cigar,5702
emanuel,5703
sweden,5704
jame,5705
festiv,5706
acclaim,5707
angioino,5708
preciou,5709
veal,5710
ceram,5711
capriat,5712
imaginari,5713
valàdess,5714
mist,5715
proxim,5716
fashion,5717
fun,5718
coriand,5719
sugo,5720
annex,5721
tortelloni,5722
homag,5723
gravit,5724
painter,5725
speck,5726
londr,5727
cinema,5728
trentinomenu,5729
alfresco,5730
pisser,5731
shiroya,5732
regi,5733
em,5734
farmstead,5735
pilgrim,5736
alberto,5737
persimmon,5738
trofi,5739
gourmet,5740
atyp,5741
concentr,5742
reviv,5743
chateaubriand,5744
roman,5745
lightli,5746
giovan,5747
amaron,5748
award,5749
susanna,5750
motto,5751
padova,5752
gener,5753
nero,5754
mora,5755
septemb,5756
train,5757
morti,5758
talk,5759
caponata,5760
pick,5761
yellow,5762
apprentic,5763
otherwis,5764
nicolini,5765
butterfli,5766
disguis,5767
indoor,5768
chemistri,5769
santandrea,5770
seneca,5771
hot,5772
plissn,5773
twelv,5774
canderli,5775
golf,5776
acreid,5777
crafun,5778
complement,5779
artemid,5780
lane,5781
threshold,5782
esplanad,5783
papaya,5784
miss,5785
step,5786
depend,5787
enabl,5788
synonym,5789
afraid,5790
opul,5791
three,5792
frattaubread,5793
buchteln,5794
origin,5795
zanini,5796
nestl,5797
campanian,5798
te,5799
il,5800
dolomit,5801
angolo,5802
play,5803
gorgnalini,5804
word,5805
cold,5806
street,5807
echo,5808
lazio,5809
next,5810
mayb,5811
va,5812
meatbal,5813
shoot,5814
bass,5815
giardiniera,5816
bollat,5817
jetti,5818
cumin,5819
alici,5820
market,5821
insist,5822
osashimi,5823
oili,5824
marri,5825
greet,5826
wrap,5827
whitebait,5828
medium,5829
ferri,5830
seek,5831
capitolo,5832
doc,5833
caltagiron,5834
beat,5835
need,5836
higher,5837
found,5838
spell,5839
libera,5840
birthplac,5841
fritto,5842
idyl,5843
serendipico,5844
parliament,5845
busa,5846
matera,5847
villag,5848
card,5849
frati,5850
fire,5851
du,5852
baronetto,5853
butter,5854
concattedral,5855
schito,5856
hoteli,5857
delicatessen,5858
cagliari,5859
marmi,5860
enterpris,5861
palac,5862
stray,5863
tourism,5864
quail,5865
tokuyoshi,5866
guidara,5867
porter,5868
crostini,5869
andmortandelasalami,5870
unexpect,5871
michelin,5872
offanengo,5873
cardoon,5874
regional,5875
marcelin,5876
meter,5877
bench,5878
giuseppa,5879
gian,5880
wagyubeef,5881
time,5882
newli,5883
maglio,5884
bechamel,5885
mausoleum,5886
scene,5887
clearli,5888
kelina,5889
nostalgia,5890
impronta,5891
astonish,5892
venezia,5893
elisabetta,5894
magro,5895
seta,5896
furor,5897
madama,5898
offici,5899
greater,5900
fattoria,5901
adult,5902
canocchia,5903
vitel,5904
bracali,5905
count,5906
morra,5907
watch,5908
oliv,5909
sustain,5910
scent,5911
siena,5912
creat,5913
mottaron,5914
errico,5915
well,5916
group,5917
argentin,5918
champion,5919
could,5920
piazzal,5921
goggi,5922
filò,5923
lavagna,5924
mostli,5925
toward,5926
argentario,5927
bravo,5928
nameindiniòmean,5929
ragù,5930
ezio,5931
suprem,5932
vallio,5933
eponym,5934
miraval,5935
monastero,5936
proudest,5937
galleria,5938
sergeev,5939
paves,5940
feltr,5941
redcurr,5942
nostri,5943
tita,5944
decid,5945
naiv,5946
often,5947
sleep,5948
pralin,5949
ethnic,5950
matia,5951
vietri,5952
catia,5953
dant,5954
mint,5955
donato,5956
bourbon,5957
applaus,5958
castl,5959
rocca,5960
model,5961
gazebo,5962
adjac,5963
romani,5964
spirit,5965
galateo,5966
giandomenico,5967
capanna,5968
nass,5969
immacolata,5970
sultano,5971
digestif,5972
befit,5973
spectacl,5974
grain,5975
slow,5976
nautilu,5977
vision,5978
observ,5979
imbu,5980
ladl,5981
valsassina,5982
air,5983
abbazia,5984
cling,5985
mantecati,5986
gennaro,5987
creami,5988
val,5989
pois,5990
verpai,5991
track,5992
cartene,5993
sacro,5994
think,5995
character,5996
saporium,5997
lagrein,5998
stood,5999
bustl,6000
chiara,6001
acquaint,6002
reminisc,6003
ameno,6004
choos,6005
neapolitan,6006
felix,6007
code,6008
afford,6009
pan,6010
gabriel,6011
carv,6012
metallifer,6013
itinerari,6014
hotel,6015
basilicata,6016
interior,6017
sicilia,6018
cistern,6019
vinilia,6020
brioch,6021
coada,6022
renzi,6023
chaotic,6024
aomi,6025
galaxi,6026
lumpfish,6027
piccion,6028
lagoon,6029
alcov,6030
eliseo,6031
melania,6032
global,6033
splash,6034
craftsmanship,6035
ounc,6036
raw,6037
fre,6038
buff,6039
horsemeat,6040
second,6041
race,6042
salami,6043
abocar,6044
crudo,6045
cervia,6046
canton,6047
stracciatella,6048
despit,6049
product,6050
nich,6051
liveliest,6052
scuro,6053
black,6054
erb,6055
sun,6056
pescocostanzo,6057
parallel,6058
ball,6059
satisfact,6060
profondo,6061
apennin,6062
splendour,6063
tuna,6064
predilect,6065
archangel,6066
stair,6067
commend,6068
monterosso,6069
easili,6070
moessmer,6071
toffe,6072
sage,6073
nostr,6074
perbellini,6075
ugolotti,6076
peanut,6077
multifunct,6078
chose,6079
barbaresco,6080
lunigiana,6081
microcosm,6082
stone,6083
aosta,6084
martino,6085
hélène,6086
support,6087
anchor,6088
brembo,6089
avenu,6090
uninterest,6091
strudel,6092
trentingrana,6093
palagio,6094
dress,6095
understand,6096
ambit,6097
build,6098
bohemian,6099
uncompl,6100
barman,6101
tuck,6102
scicli,6103
relax,6104
door,6105
marin,6106
bartolo,6107
spleen,6108
nightlif,6109
literatur,6110
troisi,6111
teishokuset,6112
sfogliatina,6113
runner,6114
tortonesi,6115
capocollo,6116
australian,6117
fan,6118
tyrrhenian,6119
middl,6120
tardiva,6121
euro,6122
appetit,6123
esperanto,6124
albaro,6125
grate,6126
archestrato,6127
tassa,6128
riviera,6129
sorrentin,6130
breda,6131
mediev,6132
clandestino,6133
blancmang,6134
hearti,6135
featur,6136
emilio,6137
carrello,6138
rossini,6139
fail,6140
yolk,6141
gem,6142
granit,6143
lengthi,6144
techniqu,6145
muddica,6146
etruscan,6147
belludia,6148
langa,6149
brilliant,6150
novic,6151
insid,6152
enthusiast,6153
linen,6154
fratelli,6155
shellfish,6156
santa,6157
brand,6158
ducass,6159
day,6160
lardo,6161
bold,6162
multicultur,6163
pancotto,6164
paolo,6165
improv,6166
salomon,6167
gargioli,6168
prosciutto,6169
coincid,6170
sunset,6171
roma,6172
aulenti,6173
floor,6174
meal,6175
refuge,6176
seat,6177
textur,6178
finess,6179
purpl,6180
pillow,6181
intend,6182
moro,6183
zeno,6184
state,6185
krapf,6186
hike,6187
albavilla,6188
kimchi,6189
peach,6190
vegetal,6191
whichev,6192
focu,6193
biolo,6194
tavolara,6195
histor,6196
ercol,6197
saganaki,6198
parallelsmenu,6199
pride,6200
bacio,6201
room,6202
lucassino,6203
magnolia,6204
fàula,6205
bruno,6206
patagonian,6207
sprout,6208
fiorentina,6209
process,6210
archaeolog,6211
layout,6212
renzo,6213
alessandra,6214
divid,6215
mazzini,6216
varaita,6217
cilento,6218
buzz,6219
hazama,6220
young,6221
guida,6222
alciati,6223
watermil,6224
farmyard,6225
raviolo,6226
monferrato,6227
soldier,6228
fondoval,6229
cartoccio,6230
heinz,6231
tablecloth,6232
heavi,6233
ristorant,6234
golpaia,6235
reinvent,6236
everi,6237
adept,6238
strike,6239
bruschetta,6240
papa,6241
carracci,6242
extraordinaryagnolotti,6243
leocorno,6244
tenerumi,6245
cane,6246
island,6247
plain,6248
hernan,6249
leali,6250
cannolo,6251
thailand,6252
warmer,6253
bread,6254
gastrofluvi,6255
savouri,6256
final,6257
caffè,6258
scaligero,6259
gallo,6260
giardini,6261
lavazza,6262
ragout,6263
capres,6264
low,6265
tuber,6266
mantova,6267
camillo,6268
runat,6269
receiv,6270
loft,6271
cutleri,6272
beccafico,6273
uruguay,6274
raciti,6275
infal,6276
man,6277
foot,6278
valpolicella,6279
cypress,6280
agnolotti,6281
fasan,6282
toritto,6283
frisel,6284
ferment,6285
ahimé,6286
money,6287
earli,6288
cat,6289
volcan,6290
mirazur,6291
weekli,6292
camiano,6293
oasi,6294
chive,6295
senes,6296
metullio,6297
sandwich,6298
chutney,6299
un,6300
discuss,6301
aglianico,6302
oxidis,6303
bounti,6304
chessboard,6305
confit,6306
pictur,6307
maioni,6308
unpredict,6309
way,6310
elderberri,6311
sharp,6312
nun,6313
risen,6314
castelmagno,6315
mount,6316
succeed,6317
guarante,6318
mexican,6319
porteri,6320
dozen,6321
babi,6322
carnian,6323
let,6324
casano,6325
fiera,6326
ladin,6327
cassata,6328
specialti,6329
aficionado,6330
toledo,6331
farnes,6332
film,6333
chiavari,6334
zone,6335
sibillini,6336
ventimiglia,6337
palazzo,6338
moretto,6339
presenc,6340
marco,6341
sagramoso,6342
portion,6343
brut,6344
caravello,6345
promis,6346
travel,6347
usual,6348
savona,6349
ceil,6350
ricci,6351
vincent,6352
trove,6353
usai,6354
kosovo,6355
norcia,6356
sheepfold,6357
twist,6358
equal,6359
shaken,6360
goe,6361
airi,6362
solo,6363
among,6364
gara,6365
hermitag,6366
pass,6367
lanteri,6368
cibreo,6369
bottega,6370
gobbetto,6371
exclus,6372
lean,6373
francesca,6374
terni,6375
luciana,6376
sacchi,6377
ask,6378
reput,6379
silvana,6380
contigliano,6381
tri,6382
aspect,6383
burnt,6384
eraclio,6385
comic,6386
joy,6387
guangzhou,6388
restoredtrulliwhich,6389
raphaël,6390
assort,6391
expertli,6392
zazzara,6393
poultri,6394
doubl,6395
wish,6396
meaning,6397
streamlin,6398
sourdough,6399
manag,6400
fir,6401
speci,6402
ronchetto,6403
creativo,6404
guid,6405
come,6406
tasso,6407
cacio,6408
run,6409
gipponi,6410
peppermint,6411
viaj,6412
expos,6413
translat,6414
silhouett,6415
gobbi,6416
bresciana,6417
delight,6418
caciocavallo,6419
rio,6420
raffael,6421
radici,6422
holzner,6423
elsa,6424
cedro,6425
aplomb,6426
afield,6427
fabrizia,6428
extra,6429
palaud,6430
sordi,6431
forgotten,6432
rediscov,6433
cast,6434
countrysid,6435
iwai,6436
appear,6437
hover,6438
african,6439
breath,6440
proprietà,6441
arrosticini,6442
lazzarini,6443
highli,6444
fogli,6445
baccalà,6446
minimum,6447
interpret,6448
capit,6449
retro,6450
carp,6451
tina,6452
balconi,6453
blumenstub,6454
franco,6455
glamour,6456
third,6457
gemma,6458
tini,6459
ravello,6460
colour,6461
agliata,6462
appoint,6463
per,6464
corn,6465
screen,6466
societi,6467
tinari,6468
shrimp,6469
lakefront,6470
eaten,6471
caputo,6472
masaki,6473
son,6474
wind,6475
crew,6476
beef,6477
vitantonio,6478
colucci,6479
chicco,6480
circolino,6481
lui,6482
tonola,6483
gut,6484
leas,6485
maurizio,6486
lagunamar,6487
cozzi,6488
cherri,6489
wit,6490
ferrero,6491
wood,6492
craftsmen,6493
castelvecchio,6494
tin,6495
mangiala,6496
close,6497
como,6498
treasur,6499
millefeuil,6500
atrani,6501
menegaldo,6502
marino,6503
baroqu,6504
ancona,6505
push,6506
differ,6507
pacentro,6508
scamardella,6509
stella,6510
format,6511
clam,6512
nicolò,6513
split,6514
pigeon,6515
cannelloni,6516
padr,6517
public,6518
enel,6519
kaiseki,6520
finger,6521
bianco,6522
spezia,6523
given,6524
panorama,6525
full,6526
castelvetro,6527
delicato,6528
antipasto,6529
onofrio,6530
ham,6531
creation,6532
corvara,6533
purist,6534
aurina,6535
fritti,6536
transpar,6537
tongu,6538
gloriou,6539
lanss,6540
cagli,6541
trentini,6542
inhabit,6543
giampiero,6544
peat,6545
counterpart,6546
sampl,6547
architect,6548
dish,6549
cookeri,6550
colombano,6551
bernini,6552
malga,6553
villoresi,6554
cannara,6555
compatriot,6556
manoppello,6557
bramea,6558
cacciani,6559
breweri,6560
countri,6561
nissen,6562
duchess,6563
ahrntal,6564
embark,6565
tomberli,6566
camino,6567
bernardi,6568
capestrano,6569
grottino,6570
whenev,6571
somewhat,6572
buca,6573
sure,6574
moi,6575
angelica,6576
xx,6577
bachmann,6578
exquisit,6579
cheek,6580
depict,6581
templ,6582
daunt,6583
grandios,6584
mango,6585
embellish,6586
valpantena,6587
commun,6588
contact,6589
sein,6590
rivoluzion,6591
inter,6592
moena,6593
linear,6594
pineappl,6595
impecc,6596
prosperi,6597
outcrop,6598
blend,6599
foligno,6600
extern,6601
relic,6602
noto,6603
railway,6604
biohotel,6605
cocoa,6606
ai,6607
commerci,6608
chat,6609
beansprout,6610
inclement,6611
grandi,6612
crust,6613
municip,6614
style,6615
gyoza,6616
michela,6617
forgiv,6618
form,6619
silvestro,6620
alpin,6621
poppi,6622
retain,6623
macerata,6624
asia,6625
scordo,6626
furlo,6627
caval,6628
substanti,6629
ragú,6630
cleverli,6631
vecchio,6632
sound,6633
rubik,6634
dominican,6635
de,6636
calvisano,6637
aya,6638
connect,6639
acquir,6640
novo,6641
aminta,6642
dissect,6643
suquet,6644
grandma,6645
terlano,6646
gianfilippo,6647
moirago,6648
rosmarino,6649
multi,6650
abl,6651
accademia,6652
owe,6653
scampi,6654
prà,6655
chiusi,6656
provinc,6657
roy,6658
spread,6659
revel,6660
unpretenti,6661
empanada,6662
driver,6663
bunet,6664
oldest,6665
bewar,6666
bazzano,6667
avoid,6668
fillet,6669
palamaro,6670
sassoferrato,6671
le,6672
rex,6673
extravag,6674
block,6675
prest,6676
bellini,6677
verbena,6678
hord,6679
ice,6680
fabio,6681
simon,6682
exalt,6683
unfold,6684
finish,6685
ventricina,6686
actual,6687
giacomello,6688
transfer,6689
volta,6690
rack,6691
slovenia,6692
renown,6693
horsesho,6694
mt,6695
defin,6696
privat,6697
besid,6698
council,6699
magnific,6700
refin,6701
madoni,6702
alserio,6703
convent,6704
baumgartn,6705
evok,6706
theenotecaon,6707
unavoid,6708
demonstr,6709
one,6710
sultana,6711
sister,6712
blindfold,6713
extraordinari,6714
cremona,6715
disappoint,6716
entri,6717
masala,6718
nostalg,6719
cedroni,6720
institut,6721
chang,6722
lorenzo,6723
fore,6724
autumn,6725
federica,6726
gualtiero,6727
advanc,6728
palamita,6729
fuoco,6730
prefer,6731
marjoram,6732
brogna,6733
healthi,6734
mallard,6735
geographi,6736
cerreta,6737
passiria,6738
admit,6739
remi,6740
triangl,6741
féold,6742
misl,6743
fumag,6744
lonigo,6745
hunt,6746
pistoletto,6747
cort,6748
amaranth,6749
manchego,6750
marostica,6751
comunal,6752
philipp,6753
haziri,6754
lavezzini,6755
pùzalyandchjùbica,6756
teach,6757
easier,6758
candi,6759
proven,6760
claroni,6761
espelett,6762
chain,6763
bolognes,6764
scandinavia,6765
wast,6766
imposs,6767
school,6768
grove,6769
staf,6770
establish,6771
focaccia,6772
vigiliu,6773
champagn,6774
dusk,6775
appli,6776
either,6777
cave,6778
affreschi,6779
restrain,6780
powder,6781
coratella,6782
morsetti,6783
cinta,6784
sommità,6785
daili,6786
song,6787
attach,6788
stream,6789
reappear,6790
pintadera,6791
intorcia,6792
touch,6793
love,6794
snowsho,6795
piola,6796
doria,6797
purchas,6798
vers,6799
cuttlefish,6800
rightli,6801
inn,6802
levanto,6803
bowl,6804
greco,6805
imagin,6806
finer,6807
tuma,6808
trolley,6809
capac,6810
rocchetti,6811
phone,6812
therasia,6813
campidano,6814
accent,6815
sculpt,6816
theoret,6817
storia,6818
palazzolo,6819
search,6820
romeo,6821
teapot,6822
chic,6823
azienda,6824
seasid,6825
timber,6826
puglia,6827
contemporaneo,6828
culmin,6829
salumi,6830
mariella,6831
franciosi,6832
lawn,6833
jam,6834
amiata,6835
accompani,6836
pipero,6837
oltrepò,6838
bolder,6839
hamburg,6840
manduria,6841
ricchebuono,6842
pansotti,6843
maritim,6844
evolv,6845
valtellines,6846
left,6847
face,6848
congeni,6849
sugar,6850
climb,6851
villa,6852
start,6853
burano,6854
tapestri,6855
aristocraci,6856
sailboat,6857
offer,6858
anthoni,6859
away,6860
cedron,6861
genova,6862
easter,6863
cavallo,6864
lattuga,6865
scotti,6866
minut,6867
stove,6868
confid,6869
castello,6870
dynasti,6871
previou,6872
gargnano,6873
cembra,6874
paestum,6875
borlotti,6876
steel,6877
robiola,6878
enclos,6879
lastli,6880
norma,6881
front,6882
reveal,6883
ionian,6884
garattoni,6885
tivoli,6886
piastrino,6887
larger,6888
lessinia,6889
certosa,6890
woodruff,6891
caramel,6892
essenc,6893
fiori,6894
nb,6895
feo,6896
dorona,6897
danilo,6898
pollino,6899
articl,6900
chanc,6901
giorgia,6902
segreta,6903
pellicano,6904
bring,6905
revolv,6906
scottojonno,6907
weak,6908
price,6909
two,6910
platform,6911
absolut,6912
refresh,6913
lookout,6914
iuliano,6915
sibilla,6916
marta,6917
must,6918
domingo,6919
latt,6920
bakeri,6921
adda,6922
reason,6923
shine,6924
robi,6925
forst,6926
stylishli,6927
parkland,6928
everyon,6929
foundat,6930
cashew,6931
granddaught,6932
stock,6933
etna,6934
case,6935
zazzeri,6936
budget,6937
sla,6938
marubini,6939
sunni,6940
fli,6941
supplier,6942
novi,6943
marko,6944
enclav,6945
barral,6946
return,6947
restrict,6948
